1.279333343208566065e+00,1.202198327025273850e+00
1.412433342173937012e+00,1.431052364534317167e+00
1.631303858247100669e+00,1.145642539167268437e+00
1.464937233729133315e+00,1.115604413872005596e+00
1.474982613579706170e+00,1.164935510943170938e+00
1.618307333016536509e+00,1.403684434141506454e+00
1.616231749497628156e+00,1.442235022457843741e+00
1.512734970887827046e+00,1.375956991338956881e+00
1.830912374232905204e+00,1.140719735373656230e+00
1.650204197355959135e+00,8.518650938678336004e-01
1.571549433474807023e+00,1.197220378049220324e+00
1.460493900865291295e+00,1.125603899471182334e+00
1.452781046844769719e+00,1.418292881456729937e+00
1.473757670438580858e+00,9.684311489250084781e-01
1.353898302006502963e+00,1.234046600587799469e+00
1.835437605894297164e+00,1.113852229228449620e+00
1.505604818930656563e+00,8.549255066850489637e-01
1.864746539747130338e+00,1.144051576995405606e+00
1.425386979913902064e+00,1.382636021748446575e+00
1.854994771963285327e+00,1.121887002769385244e+00
1.495335380960657323e+00,8.571434300717564181e-01
1.452965183041181163e+00,1.054065358241504935e+00
1.516101632767246299e+00,9.215889324388772952e-01
1.197909252114158329e+00,1.374646076183830612e+00
1.573043335935303100e+00,8.830325405592696075e-01
1.619717769498366655e+00,1.448022285831672029e+00
1.133333386272058929e+00,1.021962579589756448e+00
1.510954560646141642e+00,1.328487429862501790e+00
1.430159183806579470e+00,1.435890461668769102e+00
1.586526227377997866e+00,1.082151501639155189e+00
1.771104373330780746e+00,1.253995566666217032e+00
1.194861733860972386e+00,1.066398390301152910e+00
1.476557017749318135e+00,7.511685258252229769e-01
1.674600032825722007e+00,1.221763210994762261e+00
1.232455263486329944e+00,1.145524477365126748e+00
1.191386171998492394e+00,1.215635594074873982e+00
1.498079527627764307e+00,1.212663497715173122e+00
1.462958383662565476e+00,8.559861459453580457e-01
1.228851176903158038e+00,1.225553046813823821e+00
1.604748462508663875e+00,8.253636472782872602e-01
1.623355592782653734e+00,1.042686695558762811e+00
1.672219592159311263e+00,1.190203165556566134e+00
1.483385378814369382e+00,1.458357715305562241e+00
1.456743550380407592e+00,8.986847285264207841e-01
1.428256746540665478e+00,1.391968761979541114e+00
1.110366299243557009e+00,1.089000165755764193e+00
1.529604036802164169e+00,8.813757731704938703e-01
1.316808798106364531e+00,1.429684752133685954e+00
1.379877692843935799e+00,1.246935730582354074e+00
1.837335441770884259e+00,1.144149952967720818e+00
1.339540249349748802e+00,1.136485239237487566e+00
1.153831075231355641e+00,1.066192008637791622e+00
1.307034387449753421e+00,1.325503791852523872e+00
1.775933724833865135e+00,1.124723284632938469e+00
1.557944717122751177e+00,1.348210751800602791e+00
1.346761009561596278e+00,1.447392652255246492e+00
1.158991707212956745e+00,1.121744955330181037e+00
1.605758784441154940e+00,1.120829883991732112e+00
1.389096221682540433e+00,1.130122913017870045e+00
1.624566720427815358e+00,1.030609380611759329e+00
1.405727374429981857e+00,9.172673610977351011e-01
1.509415990158811560e+00,1.421184743367508219e+00
1.416648955935157606e+00,1.433172074664573969e+00
1.380153989652419089e+00,1.144998649797575485e+00
1.533521315783505035e+00,1.310410551933971268e+00
1.469712478272169998e+00,7.526946759747255022e-01
1.625574285483455617e+00,1.153620581012605228e+00
1.120943232906048026e+00,1.215930266398576487e+00
1.496280107698104489e+00,1.243890807592269887e+00
1.543135873429435145e+00,1.371401079594641637e+00
1.288037740235796091e+00,9.617116164157401004e-01
1.673469404595159027e+00,1.172529203809425935e+00
1.487453646381767358e+00,1.335344897473617731e+00
1.656736810266405291e+00,1.177571590468929674e+00
1.409210174501692725e+00,1.153275550431019925e+00
1.476634219173725837e+00,1.203290151464932123e+00
1.406997974195986600e+00,1.179619078282204692e+00
1.668629202645638410e+00,1.352930740730450943e+00
1.239626621605160350e+00,1.244882306979524955e+00
1.376631030078982354e+00,1.436962291777473144e+00
1.358059409022431607e+00,1.197966955051438465e+00
1.515690274653633818e+00,9.135682862068359444e-01
1.608211406114199216e+00,1.300998015197735169e+00
1.364147068600981783e+00,1.362370239565504182e+00
1.659523915768078783e+00,1.274017634617262473e+00
1.574185846473340922e+00,9.015368621708587105e-01
1.458168964366889364e+00,1.488740243934864704e+00
1.720415958074603013e+00,1.148544460527906930e+00
1.516405961420273396e+00,9.322189347301719220e-01
1.575180950537115709e+00,1.111674731413293982e+00
1.486341271231334638e+00,1.068223243983472015e+00
1.702070440499153792e+00,1.102561259160855345e+00
1.724869804010740637e+00,1.220504980164399678e+00
1.451053690961154885e+00,9.667063725707146782e-01
1.273627398993194326e+00,1.047428923261971345e+00
1.807465840972154014e+00,1.171167806046564452e+00
1.675639685258647704e+00,1.222043178868693625e+00
1.509875844109932919e+00,1.178660273229039879e+00
1.233059879061775943e+00,1.144288011623221690e+00
1.766834655862870918e+00,1.000700014512673874e+00
1.498569427740387372e+00,1.135598972576395305e+00
1.856116918208872146e+00,1.065785568944956907e+00
1.734013158632620621e+00,9.561757795969891838e-01
1.590099364356865497e+00,1.184489640691839485e+00
1.529676014602064038e+00,8.514496673304301488e-01
1.608059412678181088e+00,1.295586320891133125e+00
1.393229828146834492e+00,1.291482274103074701e+00
1.540462321171610860e+00,8.796058103973759534e-01
1.534437664158047943e+00,8.107088802769204516e-01
1.771094106796219148e+00,1.149828153571960776e+00
1.482496094391534180e+00,8.444781318069080056e-01
1.323000796062592466e+00,1.134633506275628978e+00
1.526856730601471535e+00,1.264949732865728427e+00
1.263810098167604368e+00,9.820541367252934029e-01
1.490123612687847210e+00,1.330626033095490657e+00
1.372189271309772529e+00,1.300507455547731395e+00
1.566151863049157322e+00,1.175263716380522183e+00
1.330894438816670799e+00,1.103897779113750310e+00
1.437384319761077611e+00,9.980661243587561904e-01
1.167062490770033545e+00,1.144680097717012401e+00
1.436247791482405223e+00,1.314068957373375035e+00
1.096076917399457784e+00,1.132252286814793285e+00
1.406275517497390659e+00,1.182204826208790749e+00
1.473679363105361961e+00,1.013525085675415660e+00
1.781208477059799566e+00,9.815610107483025981e-01
1.792663331800012250e+00,1.214179198226381873e+00
1.212129299646493186e+00,9.351014282131973054e-01
1.405362129359632117e+00,1.031211686578529907e+00
1.266238526965996147e+00,9.371507411582624680e-01
1.341796691829749477e+00,1.267081466957629576e+00
1.538463071530819404e+00,1.045848544014383208e+00
1.440752790030019881e+00,1.009938208051535558e+00
1.467064152714864234e+00,1.435920736479209925e+00
1.452823433437193001e+00,8.155279339317883514e-01
1.617439488504055500e+00,1.125415060297271452e+00
1.479247282422634147e+00,7.633015680067352093e-01
1.398042755244821356e+00,1.086863949605141544e+00
1.289187508403146776e+00,1.173858352317048492e+00
1.555565431859533554e+00,1.210296985611871046e+00
1.372089325403906157e+00,1.045551905357421374e+00
1.509354918585681160e+00,9.617333870774307236e-01
1.271514768459135913e+00,1.277768054985257029e+00
1.785779688986887770e+00,1.009650000049653773e+00
1.483674185111697907e+00,1.273293507277533543e+00
1.497211290073256373e+00,1.135087798262528702e+00
1.497959433769229687e+00,1.149227376753453767e+00
1.507947306198928805e+00,1.200920561548082244e+00
1.173770671235293106e+00,1.248430393432242713e+00
1.531433113928488465e+00,1.131290709274228146e+00
1.477167263900462491e+00,1.121803906240666171e+00
1.456595336633563775e+00,7.822510384277028272e-01
1.240063989646721598e+00,1.396035210154872086e+00
1.801046010660700025e+00,1.185031413530358124e+00
1.621212170549886089e+00,1.033253411481602324e+00
1.504445190306587632e+00,1.147051714879331996e+00
1.409941991102232617e+00,1.111861333628165305e+00
1.332781120973981936e+00,1.144005282036540283e+00
1.449229848900173145e+00,1.106329160504983866e+00
1.479408111722859909e+00,1.017754635536774810e+00
1.813316107662828802e+00,1.207140920579431675e+00
1.675151723231265599e+00,9.220027276006451666e-01
1.482488262865988338e+00,1.503969674332268802e+00
1.563619542439343757e+00,1.209893090092658552e+00
1.406181917279770488e+00,1.271550031549690818e+00
1.670558446830781696e+00,1.350552858385892785e+00
1.612757354070722071e+00,1.216828536089115786e+00
1.446437847605541505e+00,1.224648204415825115e+00
1.285740955738210456e+00,1.253639060163744157e+00
1.332411195449182406e+00,1.024594559913097891e+00
1.483124756046610093e+00,1.127270953008073118e+00
1.505386713623173112e+00,1.155632244227662975e+00
1.200856959203206120e+00,1.070354734163106780e+00
1.368136151911564902e+00,1.185372873875303101e+00
1.463243306291787338e+00,1.296851498400613867e+00
1.424697951045143185e+00,1.379380480250107510e+00
1.364849931248375503e+00,1.098616113031811281e+00
1.803203706697699804e+00,1.065267813425378574e+00
1.445695249618886846e+00,1.536733806242754241e+00
1.340731873872014646e+00,1.127561201156685344e+00
1.121853579413993440e+00,1.218717530630313517e+00
1.424725953306524406e+00,9.899333934652149170e-01
1.436289562751947413e+00,1.077954977612461729e+00
1.483507476722586205e+00,8.794898910446160567e-01
1.530730496290497955e+00,9.942344243803957760e-01
1.466657083897090263e+00,9.196889288571481469e-01
1.631355452673136197e+00,1.204660870828656360e+00
1.768188212622369804e+00,1.103221544500215145e+00
1.473473540204006671e+00,1.108036103242052928e+00
1.492073637158918498e+00,1.250466983845440971e+00
1.490359236641877194e+00,1.064159263498750896e+00
1.488040063282357828e+00,1.260265671404644738e+00
1.441872311863399148e+00,1.302783639229996293e+00
1.278754830131693998e+00,9.595059532410303849e-01
1.577768613091791172e+00,1.267745127027962049e+00
1.238525149795947744e+00,1.147672471449117104e+00
1.509185971814390292e+00,1.416910434628725568e+00
1.830630344461488646e+00,1.218928152473865323e+00
1.491974592401616784e+00,1.239785001482889948e+00
1.616024086161531592e+00,1.137203236719710020e+00
1.529271914162456669e+00,1.216480757640246768e+00
1.425001233462933614e+00,1.135941353037763335e+00
1.162270375544051770e+00,1.142523002918148345e+00
1.574528809901990734e+00,9.958837963571280927e-01
1.671222520130605016e+00,1.101219853913009139e+00
1.333091826563469029e+00,9.747395104201543869e-01
1.420487102763815734e+00,1.148381915546883958e+00
1.374505845613733568e+00,1.108263054338681552e+00
1.292481968864945596e+00,1.255373345542921459e+00
1.488960264166775405e+00,1.245008917052513597e+00
1.637086473224515171e+00,1.252389406642217207e+00
1.549033251210308437e+00,1.113795370409962793e+00
1.540661471652819081e+00,1.103663673447071947e+00
1.713380711099618647e+00,1.171042231620855745e+00
1.666152398928455680e+00,1.288523175564080470e+00
1.538425934091176561e+00,8.628507587778485588e-01
1.156079735970755973e+00,1.103068521987390360e+00
1.508853415547566801e+00,1.216363210998347100e+00
1.832425548774387014e+00,1.207881109016866628e+00
1.511098258344638845e+00,1.112035964973868252e+00
1.754334968232177161e+00,1.167533744230092374e+00
1.602958730667675358e+00,1.140667708825484405e+00
1.636545672523569639e+00,8.570149407431126853e-01
1.360950215288731169e+00,1.322797289848540503e+00
1.631574979208125997e+00,1.189818066700931709e+00
1.525756962976362763e+00,9.661931898821072284e-01
1.308769069894739845e+00,1.003658739218882268e+00
1.372064002888790046e+00,1.356118051801350477e+00
1.544624633155936788e+00,1.002948409809187869e+00
1.368265817797631012e+00,1.183080260981704157e+00
1.132746702181152365e+00,1.133474162908525429e+00
1.293187632533423281e+00,1.338585565096306551e+00
1.676905930320034654e+00,1.141058938291048319e+00
1.404615780401148983e+00,9.483398910807587789e-01
1.168951364996936970e+00,1.290882567704265016e+00
1.325124693805399101e+00,1.023743415746362295e+00
1.575770845328853031e+00,1.315690577918932291e+00
1.392774335614300973e+00,9.149402600688015808e-01
1.311598717382178814e+00,1.268397588728112479e+00
1.543163007637093020e+00,9.832874124271926419e-01
1.431817238063970210e+00,1.144066691456848917e+00
1.480767305881385942e+00,1.060816613268422026e+00
1.583711558372889572e+00,1.033068932444936916e+00
1.477119770122428566e+00,1.029951663949547846e+00
1.143273605314679475e+00,1.028130046384686302e+00
1.214056181637839460e+00,1.144469665183848184e+00
1.593095855769028457e+00,9.684146808747919888e-01
1.672006106058891994e+00,1.147304278301890523e+00
1.446407372675422520e+00,1.302107779561273215e+00
1.862272795601813469e+00,1.138092828187512229e+00
1.427595031933251990e+00,1.455669992780849853e+00
1.423227770789206037e+00,1.258890538091236966e+00
1.419349117845369213e+00,1.286044727282963596e+00
1.293565562274706870e+00,1.152333950216702929e+00
1.480808556962958100e+00,1.102345767724904668e+00
1.466716776741975314e+00,1.404378072064777827e+00
1.426534235511612847e+00,9.726948508224468881e-01
1.787168148459237216e+00,1.178321569094925803e+00
1.471082938777039217e+00,8.894597289184245081e-01
1.357909058129277424e+00,1.347034316647164554e+00
1.118102651628120947e+00,1.025995046841803093e+00
1.770068747869223191e+00,1.122285595435017713e+00
1.376309772754463534e+00,1.191248695969413296e+00
1.580617925809539193e+00,1.071225207815037495e+00
1.344522713114432610e+00,1.189664528420188105e+00
1.245196267784163924e+00,1.144806441619694359e+00
1.360582497835504556e+00,1.401710556793388962e+00
1.182978667801566797e+00,1.266984865001324456e+00
1.520699346521550144e+00,9.887150284351885476e-01
1.452222036313602027e+00,1.075996905064388498e+00
1.529127152382002697e+00,8.397544821010335392e-01
1.473302178384472194e+00,7.709771021024451887e-01
1.231135345232686751e+00,1.036768560575596076e+00
1.192690884252515460e+00,1.067057843134128214e+00
1.376216716493855463e+00,9.017018153082768661e-01
1.492303758278202164e+00,8.294807680444470366e-01
1.624240796566234657e+00,1.047628589474329575e+00
1.538224613847629207e+00,1.176369197597439742e+00
1.582276275147254552e+00,1.189618712672937395e+00
1.516226007740931525e+00,1.110095571984059948e+00
1.425504243786793079e+00,1.245709983470177029e+00
1.483021305816569102e+00,1.215372320852366350e+00
1.647007790831145568e+00,8.865828498860337525e-01
1.351815674670008738e+00,1.220457802413092763e+00
1.485277200680615417e+00,9.812752814264318335e-01
1.489921998322986996e+00,1.301174517083071080e+00
1.581747840065252264e+00,1.263854482576245220e+00
1.488151959071893460e+00,1.240120169609385314e+00
1.493041215689704382e+00,1.276597093687369178e+00
1.434955670380959836e+00,1.007079385951955119e+00
1.693800729295897867e+00,1.402705915979238105e+00
1.367300592708999174e+00,1.163472134912603595e+00
1.118875190088726157e+00,1.204936007844747525e+00
1.355168672915699757e+00,1.189420169593031762e+00
1.516206412492103972e+00,9.070474432146593546e-01
1.377825213939646298e+00,1.408929517615327587e+00
1.701857387471906957e+00,9.774276275236936096e-01
1.519402441533026060e+00,1.034144912006624617e+00
1.753425392866908794e+00,1.332750476489385827e+00
1.815385271352020657e+00,1.242988841007587109e+00
1.422772430047710923e+00,8.612014891216104306e-01
1.511078967646890536e+00,1.173366017427095453e+00
1.373856919454781389e+00,9.978488818265069948e-01
1.444723066835224445e+00,8.819903186937338990e-01
1.474626282111695774e+00,7.593194701541685632e-01
1.161681860528159804e+00,1.174770443596121039e+00
1.585505693157648999e+00,1.456572734036599037e+00
1.338648475567837171e+00,1.147399785987864407e+00
1.446792582111392722e+00,1.245909954765544558e+00
1.555592306345749298e+00,1.302815299013385886e+00
1.522242762906596658e+00,9.713868770758655735e-01
1.237651882373890455e+00,1.143801427114003122e+00
1.657108212412652160e+00,1.219581697453161917e+00
1.762770228192573896e+00,9.709207724535816597e-01
1.479780971606372120e+00,1.157150705800702672e+00
1.369043699497954902e+00,1.020905967893882549e+00
1.233337053709452347e+00,9.153558695807624268e-01
1.536228132816348735e+00,1.006884533519072811e+00
1.498040947826571267e+00,1.123325765163577072e+00
1.469833996374144025e+00,1.189438525832440696e+00
1.533276693846814531e+00,1.093296448765317175e+00
1.505005862403538286e+00,9.955025850164083145e-01
1.567537261783504388e+00,1.369650859722659320e+00
1.462676062427638701e+00,1.349011470586679806e+00
1.751355041507769217e+00,1.100286899153238185e+00
1.363420451410946477e+00,1.155288512574415227e+00
1.442099256457362699e+00,1.117696114575315036e+00
1.488472766013875459e+00,1.216840164059484586e+00
1.646840407360936842e+00,1.247153517223834607e+00
1.629880706642088839e+00,1.053514037583046958e+00
1.571930229653647038e+00,1.359363100698619764e+00
1.452394397023946349e+00,1.368151746129892654e+00
1.501360440668476404e+00,1.039995027605949307e+00
1.346797577389946987e+00,1.050710410487034174e+00
1.467678179824277063e+00,1.098702933612552890e+00
1.452582019304501593e+00,9.650217954897898354e-01
1.493154557886880118e+00,1.299645362575214236e+00
1.090367575978412162e+00,1.138829465582890776e+00
1.514638175487450056e+00,1.189282825201532168e+00
1.347289944887778645e+00,1.407604735505683546e+00
1.593660692608927842e+00,1.299600468551837862e+00
1.483392086542379307e+00,1.302164985819358467e+00
1.476162024265533779e+00,1.192749423133147246e+00
1.521457903967225356e+00,1.347498591301165449e+00
1.551570532737860830e+00,1.016919188469290303e+00
1.719422845183600002e+00,1.293002826920476300e+00
1.547457597040900357e+00,1.159943269528523002e+00
1.470718686337776360e+00,1.473586879331991284e+00
1.155055845029113737e+00,1.095910930750398027e+00
1.613658610381947689e+00,9.215214260903720200e-01
1.438687586194907109e+00,1.149560240727108829e+00
1.507755287390423415e+00,1.231391402788573508e+00
1.534722424622449566e+00,1.252019276918954871e+00
1.242313834156610008e+00,1.133180428066897560e+00
1.136938173125886076e+00,1.162198010145266691e+00
1.367062018552082536e+00,9.736945873207281110e-01
1.257868064843277622e+00,9.805172720994284052e-01
1.308584983840528793e+00,1.173711980192642335e+00
1.252165173766128570e+00,1.143464897194415020e+00
1.415003310337993758e+00,1.353397729908133229e+00
1.499363343756282996e+00,8.795160844605571793e-01
1.399376502817710755e+00,1.086691944489769357e+00
1.464463136034850566e+00,9.712633226539271192e-01
1.595749831369275507e+00,1.130093423833597122e+00
1.441752246799406612e+00,1.041793692867563959e+00
1.325876240825391461e+00,1.113424169400260677e+00
1.502740752504817756e+00,1.281548376161903757e+00
1.355802463738917440e+00,1.280473523824843252e+00
1.345749082336133107e+00,1.153966946181253839e+00
1.479746875946897022e+00,1.147211959772420409e+00
1.460770669150229129e+00,1.150694133595939750e+00
1.683216878072917977e+00,1.188272430249434075e+00
1.576118822080957438e+00,7.850604070879272367e-01
1.361436895022313909e+00,9.609646686595780807e-01
1.569928888787208487e+00,1.160538019511520247e+00
1.456781063484880123e+00,8.734653468410217281e-01
1.394400691902496270e+00,8.706771394528297625e-01
1.371075643208100381e+00,1.197783294958643552e+00
1.822430733279299275e+00,9.548162400257164117e-01
1.594019968447728752e+00,9.608344350223304575e-01
1.526913747121231735e+00,1.172380311365617489e+00
1.348586410482528031e+00,1.346278692447110181e+00
1.141455576434644126e+00,1.102760711924877679e+00
1.555594645271211496e+00,9.917066535959701001e-01
1.836044835189431623e+00,1.088179132401237315e+00
1.617507924412572962e+00,1.124342976312237230e+00
1.717265280402916261e+00,1.064815746862499912e+00
1.486435318152068641e+00,9.027680647687281734e-01
1.389317712229224622e+00,1.176225370290485683e+00
1.733981158582451609e+00,1.099290778017837811e+00
1.577560174575557417e+00,1.159989046895166132e+00
1.666828494270609973e+00,9.776550949810898228e-01
1.569767566109894652e+00,1.319201905131944130e+00
1.487980059429731883e+00,1.330856241126418427e+00
1.445804540245463343e+00,1.017383882218932944e+00
1.651049276444741531e+00,1.289017373422639556e+00
1.488781274718889769e+00,7.906618654461385898e-01
1.743311768685344987e+00,1.263593160066625920e+00
1.874883632981783288e+00,1.163539276510222820e+00
1.350808858618457009e+00,1.143547438642957159e+00
1.462035539603629974e+00,1.286311641081588686e+00
1.409203691720395613e+00,8.727970437081638000e-01
1.462746721890233248e+00,9.028545821943558813e-01
1.753526797393324843e+00,1.248633414122800822e+00
1.332782441685155028e+00,1.204769771643622978e+00
1.584309105345256485e+00,1.224348296975681816e+00
1.483338941963343149e+00,1.041193847209559653e+00
1.635531906551741965e+00,1.074842261680847511e+00
1.414550694905141626e+00,1.450201066824326146e+00
1.635606442665261673e+00,1.190010408397921049e+00
1.332372020327652784e+00,1.159229309129083729e+00
1.580425881838628532e+00,1.267623845432873875e+00
1.585196954704469974e+00,1.307429475937535113e+00
1.283158175294268455e+00,1.123325232829745168e+00
1.460122017903293878e+00,1.117324934697425221e+00
1.348360332316119736e+00,1.138013596620061296e+00
1.704576432712756384e+00,1.164879788712649633e+00
1.135000366242587377e+00,1.185636917832005199e+00
1.334986007242356054e+00,8.825737663981099157e-01
1.435727185581177734e+00,1.412243311524001843e+00
1.542492218119107195e+00,1.108880160024033223e+00
1.800031684489818096e+00,1.001491966680481793e+00
1.719549948443066079e+00,1.323035290104645156e+00
1.565356010483406335e+00,1.162822214310725188e+00
1.620888101065764308e+00,1.082208935410923667e+00
1.533722015360686086e+00,1.047507129308625551e+00
1.471983882738455485e+00,1.333810781236900667e+00
1.563216720189453346e+00,1.317913278858211967e+00
1.558012866570319233e+00,1.153456619187821941e+00
1.297670600380236516e+00,1.106030740559118319e+00
1.373148167341291748e+00,1.164114033380499791e+00
1.530200873398759542e+00,1.495354761246501685e+00
1.358153231952261120e+00,1.216185205782963852e+00
1.608068943873201651e+00,1.259010249365903444e+00
1.540191254450222758e+00,1.130711077450687663e+00
1.389632014495197687e+00,1.314736861035659121e+00
1.632127132784374046e+00,1.154448427983517211e+00
1.503659309394644206e+00,1.149333817832343341e+00
1.802250656761387182e+00,1.142663626485050488e+00
1.465913325378309651e+00,1.253590731196520203e+00
1.477233354727232495e+00,8.810080051523045963e-01
1.493845062226139664e+00,1.071634684964247741e+00
1.449709002635897415e+00,9.426238390394321431e-01
1.434384910769830990e+00,9.850461183791763276e-01
1.515543988725405411e+00,1.237838938134182998e+00
1.440611596912035441e+00,9.897548991634932403e-01
1.373735627818202021e+00,1.223137937036016698e+00
1.090751888313447271e+00,1.095560639864740837e+00
1.423670428352813655e+00,1.456599008967216502e+00
1.547175419780898231e+00,1.241255544480676987e+00
1.671523192273124847e+00,1.082804257589519148e+00
1.465462786399913675e+00,8.863120215792255063e-01
1.644382051646066101e+00,1.350944309965650181e+00
1.475204349540874649e+00,1.278015643972425952e+00
1.237607686466716039e+00,1.196760219205093012e+00
1.577798005640817625e+00,1.160884040927053995e+00
1.520588627264729986e+00,1.179217471808341466e+00
1.478719691162520444e+00,1.042861793685395444e+00
1.437875584653537597e+00,1.101367782391359240e+00
1.598654667169903787e+00,1.259299087606663647e+00
1.573187094385357199e+00,1.374796595939527410e+00
1.838595165304609091e+00,1.197685202804899207e+00
1.169784087753443780e+00,1.096212135208424199e+00
1.688595902953028194e+00,8.377273569204564119e-01
1.585313883099311649e+00,1.080969623896494314e+00
1.404017839310631288e+00,1.000664974961721576e+00
1.430706406357306726e+00,1.265008429455598105e+00
1.195582076751656064e+00,1.247583151376500554e+00
1.527393083331157309e+00,1.012286122073380312e+00
1.663870982486961969e+00,9.467755987739259194e-01
1.460188647519819138e+00,1.346029108091215454e+00
1.554033773552710995e+00,1.379277224206394870e+00
1.614793574517075836e+00,1.272977115141272320e+00
1.486707761699725072e+00,1.210051373667023533e+00
1.692414162856420434e+00,9.387884012608923578e-01
1.663621001120387355e+00,1.150444348364652036e+00
1.475834280484310312e+00,7.994364470654611310e-01
1.404859039723014957e+00,1.038841167272911648e+00
1.549921914217531560e+00,1.070804822749628515e+00
1.465816061000376536e+00,1.263295156104036643e+00
1.350813608718587133e+00,9.734392346640923233e-01
1.474368095757054187e+00,1.210686116365563780e+00
1.634430667124078029e+00,1.158268874331553677e+00
1.558176954957087190e+00,9.195941656537309772e-01
1.315526984638029750e+00,1.129311117919537644e+00
1.268659665223342836e+00,1.176405223527132060e+00
1.551041567705954138e+00,1.426483816177589903e+00
1.483779993586762824e+00,1.002398174182854262e+00
1.517010241332227283e+00,1.403160192400926043e+00
1.436732419305081443e+00,1.132897850857282895e+00
1.392499023484534693e+00,9.409197842566575654e-01
1.455511818773366439e+00,1.138732515214724295e+00
1.300195486170627968e+00,8.612418060561468636e-01
1.499823291841587691e+00,1.080266004442548278e+00
1.687128986025403288e+00,1.215488218528409492e+00
1.426479898405244251e+00,1.170833623219885045e+00
1.350951066537099843e+00,1.205368255270235167e+00
1.816240570283251810e+00,1.096485111228162834e+00
1.421727223263996143e+00,1.270045973709641229e+00
1.517336743155296874e+00,1.169919882971448777e+00
1.558874842095109514e+00,1.155095433986281561e+00
1.394764860565461007e+00,8.974569963672301975e-01
1.487416751506344781e+00,7.650826280990210559e-01
1.299112358102276543e+00,1.020228717838413957e+00
1.464805242832762033e+00,1.216453497108098247e+00
1.489298404623887295e+00,1.072133410980326662e+00
1.481958856808226033e+00,1.466639030835883428e+00
1.451715609619819825e+00,1.400168928728822593e+00
1.313354220902684943e+00,1.158555147170876820e+00
1.451538102984478273e+00,1.328056980470958548e+00
1.288290555683170080e+00,1.216742958179819700e+00
1.500820234344306670e+00,8.374446040843526173e-01
1.505105985610879937e+00,1.298858657860208154e+00
1.330112786224911359e+00,1.304695971102803664e+00
1.737630440044706681e+00,1.129238230632084061e+00
1.368466184843862399e+00,1.064320718012066624e+00
1.791664739238235660e+00,9.750876891879566299e-01
1.487859947843939601e+00,9.014523327917358664e-01
1.140064779921285965e+00,1.139315844105779130e+00
1.464204223235036517e+00,1.260699309843157812e+00
1.117930620425265920e+00,1.250452047380848253e+00
1.689540430967840567e+00,1.189492903582902494e+00
1.128953942970064350e+00,1.072154737226139076e+00
1.146909933691364847e+00,1.052374003511533207e+00
1.572254826848847431e+00,1.353968927814418244e+00
1.636141235566556995e+00,9.823094122105859860e-01
1.234213976059456819e+00,1.136656719567802343e+00
1.540006336266350973e+00,1.072305321908795683e+00
1.507325879571000726e+00,1.243747036760736169e+00
1.315347719721383202e+00,1.407815436897957406e+00
1.460817869220647269e+00,1.456063584756330798e+00
1.526799640978366623e+00,9.590562211705502271e-01
1.655939685310030551e+00,1.067869331163147084e+00
1.279303286113341986e+00,1.151043228863101620e+00
1.355449671664943789e+00,1.182621085021441587e+00
1.444424803454342543e+00,1.102716974556249285e+00
1.435401553938776331e+00,1.276703259122131673e+00
1.301436948828564422e+00,1.095927200049622297e+00
1.470849785534161791e+00,8.118392827642584297e-01
1.486684008100563226e+00,1.004329062302290687e+00
1.686325492108053714e+00,1.167086647087836493e+00
1.351633752019120616e+00,1.119207345185787128e+00
1.356855272399421164e+00,8.416462774187992713e-01
1.372652871092503446e+00,1.138036420399701321e+00
1.217888765555521058e+00,1.142470873266647757e+00
1.467464116844478639e+00,1.496864332903843575e+00
1.512325726773859902e+00,1.145401264551922926e+00
1.662382337054773229e+00,1.381305221588855270e+00
1.568614355808666927e+00,1.092204857906881488e+00
1.408001075279998071e+00,1.156512649214157751e+00
1.477132688892683010e+00,1.326015016004049585e+00
1.626661652483002429e+00,9.776109930631932121e-01
1.226292908009964044e+00,1.135880246014567829e+00
1.460293171031158854e+00,1.052313147772736102e+00
1.472223440326042798e+00,1.282037043297474144e+00
1.396110384263197446e+00,1.413698004000136788e+00
1.539970435645247715e+00,1.102410203190381743e+00
1.493601143884062177e+00,8.135772200802741105e-01
1.506302697039668015e+00,1.257070845394501646e+00
1.451769607391347305e+00,1.079285240405770008e+00
1.545419786282349772e+00,1.344692155216942187e+00
1.531183382154976069e+00,8.852187186603686087e-01
1.437403992579224354e+00,9.026441621131258142e-01
1.407842238940472779e+00,1.453815970481047160e+00
1.580728499409337129e+00,1.166303125291769049e+00
1.409341813231013374e+00,1.368662935228186051e+00
1.439177320599912768e+00,1.337123033379264303e+00
1.335283876768759814e+00,1.117245353349521464e+00
1.283483323090675032e+00,9.924867516763210551e-01
1.202839114103094742e+00,1.196989423009478415e+00
1.444954286437240221e+00,9.805104727449770463e-01
1.455596626151549833e+00,1.202292401987798742e+00
1.625257862540142817e+00,1.240435639309937166e+00
1.480681290299738828e+00,1.082084729391234124e+00
1.404388176438309710e+00,1.109370664446975407e+00
1.387365383823311316e+00,1.085489033237378553e+00
1.283451404700509224e+00,1.197039288856144967e+00
1.490262877881857628e+00,1.247335129493754025e+00
1.488232951057833597e+00,1.201328604521441745e+00
1.309115948960835496e+00,1.272427732158057490e+00
1.481415108023301563e+00,1.435258148067186657e+00
1.490582682167882034e+00,1.245882134309619360e+00
1.429910462630336943e+00,1.436185823952111473e+00
1.861927100073577313e+00,1.233585051526153054e+00
1.309095677541691316e+00,1.011489168758003876e+00
1.273728645506731816e+00,1.058444116503006960e+00
1.268884115636252918e+00,1.234135456106738582e+00
1.804662031533186717e+00,1.002940664300946638e+00
1.230830002255436595e+00,9.105791953510476988e-01
1.636547518247947419e+00,1.145939620872685305e+00
1.735350536905708951e+00,1.108513943438785843e+00
1.294403961290268246e+00,1.145719071187491611e+00
1.615803646021611861e+00,1.104877753961472919e+00
1.543273140606598481e+00,1.453923292234953646e+00
1.466167685328568115e+00,9.509660822368271038e-01
1.625585807184147580e+00,1.177878222632053218e+00
1.346315856880256012e+00,1.166050916925160053e+00
1.572692641324097806e+00,1.087773340256557475e+00
1.593959390238661289e+00,1.172414923268878750e+00
1.514061821860192447e+00,9.097429859465492319e-01
1.596872680786494580e+00,1.044133520244150404e+00
1.661259083452230945e+00,8.332143763661182811e-01
1.193199522098412846e+00,1.147692274716336946e+00
1.484421168133596369e+00,1.450104075183591412e+00
1.491611155520458976e+00,1.191881300314795444e+00
1.673817631527944272e+00,1.129223654620000072e+00
1.161490380943857481e+00,1.209586610009027341e+00
1.700387380255959480e+00,1.142318831793297962e+00
1.273633725280003404e+00,1.311959465447300799e+00
1.690679962910783818e+00,1.294351951509108867e+00
1.587137826417958086e+00,1.410984733521287282e+00
1.473057582635363127e+00,1.278001108371647820e+00
1.158315859723326513e+00,9.654373413743401189e-01
1.535512490906236982e+00,9.739580668566063526e-01
1.456626476575135776e+00,8.109098329971800023e-01
1.623670521740448791e+00,9.552429325940772209e-01
1.483636667291137190e+00,1.424838771054744324e+00
1.466326043102778698e+00,1.149937114821683926e+00
1.508705411131535001e+00,1.139408995057852758e+00
1.603077676272402829e+00,1.114500697076100888e+00
1.771854198073069098e+00,9.470021675216773183e-01
1.489590291425927138e+00,1.377377626228020846e+00
1.381565392018167637e+00,1.007852611212221916e+00
1.547744153737182105e+00,1.392731579956961507e+00
1.495194874593875678e+00,1.403657741659565916e+00
1.693524198957110816e+00,1.143626971284300797e+00
1.662282500996941303e+00,1.068997845243110145e+00
1.369259845613406412e+00,1.298246354628148858e+00
1.614228065718909200e+00,1.122887618880302751e+00
1.696382619182106755e+00,1.163053984841222910e+00
1.440225003320240837e+00,8.657777568477156294e-01
1.459900184939640022e+00,9.095535841773813024e-01
1.715457826429001242e+00,1.323501404162620965e+00
1.575920800949502487e+00,1.183797404020801691e+00
1.828301459743599811e+00,1.012081228262366572e+00
1.461526612657739976e+00,1.277926427051698788e+00
1.483416655179344401e+00,1.084141385267139324e+00
1.865696600969401597e+00,1.159485402986265123e+00
1.487409874981859614e+00,1.420326121010642595e+00
1.344108166522762993e+00,1.015880294829642150e+00
1.184126821821310127e+00,1.180011818506235155e+00
1.203994637667816558e+00,9.274549475681685973e-01
1.403297239796282625e+00,9.605717224057768178e-01
1.251299320182183594e+00,1.122493157429880650e+00
1.463680042898603872e+00,1.330357002887763596e+00
1.288024230683403992e+00,1.033296913430854058e+00
1.348717100690961068e+00,1.287171812523266290e+00
1.501612973780605431e+00,9.230850104632968289e-01
1.429519068097474088e+00,8.401601910446555577e-01
1.271635570486486788e+00,1.183300051917103302e+00
1.579530413843074355e+00,1.196815578057222940e+00
1.547060231659221685e+00,1.314457667698989418e+00
1.415050877330301438e+00,1.168848495583570068e+00
1.506052828534285570e+00,1.280087997833365465e+00
1.259514775264922060e+00,1.183654180901188235e+00
1.502584777432443897e+00,9.946418963317456008e-01
1.517280014699111668e+00,1.391961777921994159e+00
1.787716631223568609e+00,1.164749846563167379e+00
1.661726800638446688e+00,1.378413730506921953e+00
1.329961249406364399e+00,1.195123486837025073e+00
1.601060934983310258e+00,1.173879433135450068e+00
1.581175373006177942e+00,1.079331086516766902e+00
1.552615019326942791e+00,1.070510179422648367e+00
1.495010457810969529e+00,1.407577753051764358e+00
1.481457478524127236e+00,1.046052937825411977e+00
1.342867814027132845e+00,8.781464999679160499e-01
1.457788675056863825e+00,1.255400973237317030e+00
1.458562022888538312e+00,1.272055578972367318e+00
1.581841128564576593e+00,1.162178950654029652e+00
1.317773915910979809e+00,1.157966045909267105e+00
1.472259325521659168e+00,1.284733080112145931e+00
1.459740867452763435e+00,7.863064213251591550e-01
1.246215534868112096e+00,1.127761057383473098e+00
1.525654275948557625e+00,1.074727762503869366e+00
1.402072318064652823e+00,1.071525361921566111e+00
1.489845250527715104e+00,1.064551387597285848e+00
1.315462637772264909e+00,1.049850757815956603e+00
1.343962055734521543e+00,1.154622362357923260e+00
1.240201403521901558e+00,1.102231141479908416e+00
1.463914470272164481e+00,1.269022596523594615e+00
1.810543103962549250e+00,1.121938776156407691e+00
1.629207435188785302e+00,8.830498133347786105e-01
1.639904977734460090e+00,8.808046054813444270e-01
1.427489302159940632e+00,1.122115574409330740e+00
1.598338672259744797e+00,1.190808626408656146e+00
1.827224572258871138e+00,1.203981642030881538e+00
1.442712063246736731e+00,1.080541118365644149e+00
1.385967667310057161e+00,1.477072809401307030e+00
1.417116605032429977e+00,1.205634041710602400e+00
1.630415267210423291e+00,1.130153551696784442e+00
1.239695950666974023e+00,1.243904572268059283e+00
1.682453988922451016e+00,1.277257171975394456e+00
1.208150441324127522e+00,1.140116845999530115e+00
1.572538934762326424e+00,1.283600474876854136e+00
1.358376285771518033e+00,1.211354334630660556e+00
1.522852942218716032e+00,1.169754246453317270e+00
1.476929208858419829e+00,1.141221714427143930e+00
1.715616035249200921e+00,1.271626988047753315e+00
1.721780992036069158e+00,1.151074647650407012e+00
1.616644782015570714e+00,1.026064940078764032e+00
1.220973484456421954e+00,1.233313387256541160e+00
1.661693612556943922e+00,1.103778617973309339e+00
1.624296939723146149e+00,1.065525720386040875e+00
1.815320991907245496e+00,1.154895087965816414e+00
1.369094860539428415e+00,1.052773857045616657e+00
1.490351408509615450e+00,8.700596309162489383e-01
1.486485190397656364e+00,9.673059471348246507e-01
1.709381322092955902e+00,1.205116058958424219e+00
1.533192709798584907e+00,1.218051302588604612e+00
1.492494480633226317e+00,8.150200478160349871e-01
1.477512105996601877e+00,1.222369236667420589e+00
1.714952907918128933e+00,1.405708425620270541e+00
1.506974693395467302e+00,7.638125836499225496e-01
1.731395715338460706e+00,1.254348091114066754e+00
1.640915251586069656e+00,1.247033378403149984e+00
1.191496053242488307e+00,1.137212583921016762e+00
1.852074056169920269e+00,1.142525816938346317e+00
1.718569260870689952e+00,1.232540873595574737e+00
1.460315278459113797e+00,9.417684959149728030e-01
1.479771418927525506e+00,1.177510260574352596e+00
1.596889322439905667e+00,1.216058966290849641e+00
1.577932747251468815e+00,1.316346254224143530e+00
1.418366688457370905e+00,8.785732357704132411e-01
1.751734207912626129e+00,1.263613148626632432e+00
1.670640158308793977e+00,1.179504357601449671e+00
1.481510212037556729e+00,8.325660182510900009e-01
1.524599496613949556e+00,1.108145221316774176e+00
1.474399822767177293e+00,7.548118949855771032e-01
1.195323682402717136e+00,1.130022985288904325e+00
1.396056805131135281e+00,9.570768220188530240e-01
1.205317114978642579e+00,1.363625091268498180e+00
1.470885348039877583e+00,1.167166457712053296e+00
1.457521556908331295e+00,8.330442495427933247e-01
1.501305678593403803e+00,1.123265133155405326e+00
1.434243502039127094e+00,1.260173700833740362e+00
1.500584709268573791e+00,1.380359980068407433e+00
1.392780896373128519e+00,8.842679518690588214e-01
1.772901637718262924e+00,1.061562946348054037e+00
1.102145550915413441e+00,1.141935067100804613e+00
1.677781560841681063e+00,1.179999681026932201e+00
1.572553092100642536e+00,1.375724590158243776e+00
1.183283990892794790e+00,1.147434781151263961e+00
1.494742582487775806e+00,1.434321061894922478e+00
1.477943822416168951e+00,1.080885647187524556e+00
1.441158129649642961e+00,9.329973008275964652e-01
1.419759625631667355e+00,8.306455220928692373e-01
1.419408257892199599e+00,1.377312087208411917e+00
1.518113249768913597e+00,8.645625916808592493e-01
1.221744467357829489e+00,1.121757099849800987e+00
1.110657815075189125e+00,1.212425723061907767e+00
1.651615295623096058e+00,1.113861976716118196e+00
1.514039620497378502e+00,1.040203797790655305e+00
1.482460761524483805e+00,1.394099717408853190e+00
1.774870215550615971e+00,1.146337049685413056e+00
1.262034051651528488e+00,1.068041190661417561e+00
1.512656741613237488e+00,9.104714606875816685e-01
1.486467814810681132e+00,9.466551684853337090e-01
1.397768436926413171e+00,1.475258412263237728e+00
1.500971602082741940e+00,1.259499425832081521e+00
1.501212746873563875e+00,1.072011526137075954e+00
1.531117413605092237e+00,1.054330697161807606e+00
1.750318867802691525e+00,1.089715142745795173e+00
1.569927786932193259e+00,1.469060164174515348e+00
1.795432459624431321e+00,1.322275330897204171e+00
1.268793126804174998e+00,8.800982808227812981e-01
1.523029554917163075e+00,1.313256711946928279e+00
1.373227433056639857e+00,1.442151958200573292e+00
1.832878635907036147e+00,1.289277832412192737e+00
1.669030565803566679e+00,9.919493333152119563e-01
1.787834626474737121e+00,1.232153287308174860e+00
1.451953264101184082e+00,1.140976376352295318e+00
1.279774567489913029e+00,1.080232286241750383e+00
1.574666839375673533e+00,1.231969958558790879e+00
1.552843297237866294e+00,1.110338730158493936e+00
1.360069735858971063e+00,8.186788133916347299e-01
1.129069316301409387e+00,1.158322907185027395e+00
1.381514714188368353e+00,1.035298373850664033e+00
1.634737349798935258e+00,1.139412297051316525e+00
1.835076855858822853e+00,1.217424958006670721e+00
1.340498159257219379e+00,1.368445328011965501e+00
1.788245795216430789e+00,1.284034043203151176e+00
1.333022424071104162e+00,1.222045748118090636e+00
1.146938826741107365e+00,1.124631346068481141e+00
1.606363831177994861e+00,1.204995350631037354e+00
1.156230783663348305e+00,9.465399482293497258e-01
1.525314762839901972e+00,8.701899780070538881e-01
1.725772683383433703e+00,1.193697089340147732e+00
1.449255441535614919e+00,8.721110770707531934e-01
1.401925515183998217e+00,1.208261110036148889e+00
1.605927441123087496e+00,1.168691412898805959e+00
1.338332531256819724e+00,1.030534640490643916e+00
1.326885388347031958e+00,1.392209458442033920e+00
1.435506096455228198e+00,9.392471862694218299e-01
1.376248461838610382e+00,1.102106895905073047e+00
1.494973758381337392e+00,1.145362178223917171e+00
1.423584811054754207e+00,9.118245952490897643e-01
1.533995853025985845e+00,1.170452677715196899e+00
1.482036150845751576e+00,1.044934180228666243e+00
1.754617644981707247e+00,1.151420200714420305e+00
1.430309727461545943e+00,1.294886967989555604e+00
1.765058172677195003e+00,1.098634469275192593e+00
1.364335633569579542e+00,1.134581353778365109e+00
1.397880044362072027e+00,1.205611907250575099e+00
1.129336633225787256e+00,1.265675707530591998e+00
1.757464896130462195e+00,1.248913151834390112e+00
1.641662995139065995e+00,1.126750460049549707e+00
1.804560502123051080e+00,1.037420954961713271e+00
1.499238233740630699e+00,1.178302708926519449e+00
1.679563690247462437e+00,1.102653361523478814e+00
1.485536031520559686e+00,8.898831126378732304e-01
1.467629551240801078e+00,1.145544107214904406e+00
1.713537230783688692e+00,1.101737856207453348e+00
1.319332990704758624e+00,9.048099564117402238e-01
1.455683401526074672e+00,8.771140293964181378e-01
1.568967762387119214e+00,1.209877704283732314e+00
1.699860202622528016e+00,1.311011184924227191e+00
1.530846617207975102e+00,1.436092847575198617e+00
1.538937032155226925e+00,1.119528521726558257e+00
1.652050022516177608e+00,1.380274578917515482e+00
1.329535905720230948e+00,1.182217474102434274e+00
1.498985793098235542e+00,7.535822310144435487e-01
1.371219432468637311e+00,1.068749333800941503e+00
1.535119765717969154e+00,1.474421692698230757e+00
1.306442905612898997e+00,8.621651472559603846e-01
1.442527987152961710e+00,8.276479716343865256e-01
1.369107840710663826e+00,1.434205833543240383e+00
1.487882940325332859e+00,1.315302552154327564e+00
1.543854805078654913e+00,1.172891021918134102e+00
1.443083778583129639e+00,1.064806775944159289e+00
1.436705874330815202e+00,9.151735385955849233e-01
1.404436970443962096e+00,1.274748754174949372e+00
1.447233998093605534e+00,7.831491537207522224e-01
1.520876693283384595e+00,1.248947953098202834e+00
1.370465060694052717e+00,1.026110203629380546e+00
1.689747259928018774e+00,1.210697714845414774e+00
1.359996279883521009e+00,1.284183773724158817e+00
1.464960878296509783e+00,7.673709485075874692e-01
1.350468541098911235e+00,1.383364686030944535e+00
1.478680908244794479e+00,7.935980042046938410e-01
1.438438743798151620e+00,1.327985247881337649e+00
1.477540478629675968e+00,1.263512144845258645e+00
1.407821743710769180e+00,1.196115465405292122e+00
1.671608543182738993e+00,1.185300342675711383e+00
1.603041905154817925e+00,9.791508659700129957e-01
1.648303921814316508e+00,1.197057902349543568e+00
1.389539495509943379e+00,1.132300682921372204e+00
1.620925474074327743e+00,1.377876958376123673e+00
1.375356086260854704e+00,1.216340800970086233e+00
1.638218817450339593e+00,1.267414797567546936e+00
1.489043315054677130e+00,1.161917269522980467e+00
1.528914328678925294e+00,1.224345645068410038e+00
1.233438393381401710e+00,9.053992475293097808e-01
1.720987770507403480e+00,1.272133332512648263e+00
1.476667421071787833e+00,1.017249085200206515e+00
1.404637802861790519e+00,1.409117575049660287e+00
1.655415860497359226e+00,1.020461677482209728e+00
1.512805868353466643e+00,1.095068591869509556e+00
1.495212817521167636e+00,1.078006549812167369e+00
1.268416473676995837e+00,1.163676561692660760e+00
1.511314932439674852e+00,9.594247813644631862e-01
1.273364264093384879e+00,9.901762923804784400e-01
1.552301122579251347e+00,1.350406681358407024e+00
1.262782680145984271e+00,1.229298505340663539e+00
1.364513707748373772e+00,1.079736831648767881e+00
1.657689283234398570e+00,8.800280348041940037e-01
1.569679609649742291e+00,1.436737738921936902e+00
1.331362060229275279e+00,1.019075821115889902e+00
1.208212117809684294e+00,1.330458025664753352e+00
1.280834156411999381e+00,8.463607427768404801e-01
1.708032302849702866e+00,1.149774427351558659e+00
1.595527580184185279e+00,7.857711873950936621e-01
1.319010664214032902e+00,8.707759328874769000e-01
1.189526418830135768e+00,1.090810451190792119e+00
1.256130177420468952e+00,1.124710032466664789e+00
1.662995901799916298e+00,1.017993216739672357e+00
1.403492719350672324e+00,9.572784211041327485e-01
1.589675063865969129e+00,9.521944871380948472e-01
1.419680350045275485e+00,1.151413518788571233e+00
1.402214412065285076e+00,1.093023132873793601e+00
1.287764032703659911e+00,1.198491799733747198e+00
1.537288192090413119e+00,9.032495534558120376e-01
1.621100369411565767e+00,1.293180657704462666e+00
1.375800344220212468e+00,7.847466739161235161e-01
1.529066512402860178e+00,1.512831847554863440e+00
1.762421793038275508e+00,1.298163088662409370e+00
1.581228010926155614e+00,1.279272281269441258e+00
1.518526880137183399e+00,1.145508312114525529e+00
1.475257749300193488e+00,1.102136826905961264e+00
1.369888350407324040e+00,8.095334045842662585e-01
1.460043986725673149e+00,1.115870147182393968e+00
1.581939929980322512e+00,1.126869093459742732e+00
1.194239995300807378e+00,1.143869217228228541e+00
1.582736345557701263e+00,8.729848096345613762e-01
1.509440598307234982e+00,1.442923976685216880e+00
1.332982094693165642e+00,1.349060224688950482e+00
1.656205149540942223e+00,1.052622285588857842e+00
1.470188095115342763e+00,8.887025857375276949e-01
1.614889470586802656e+00,1.190475003261734166e+00
1.312513948175908940e+00,1.182604995976333173e+00
1.461672705444657661e+00,1.071386593435442292e+00
1.873176439675807270e+00,1.155548087433184712e+00
1.299892247555456182e+00,-2.542093403169874699e-02
1.104210774847648846e+00,1.264675242237986441e-01
1.243163034372903430e+00,1.302156415686537838e-01
1.283990904595422755e+00,5.327670394499484791e-02
1.039585382652491230e+00,-1.603879208014233615e-01
9.941028104822883238e-01,-5.389514348135068800e-02
9.633947623917380465e-01,9.522407811317351936e-03
1.116326529819518187e+00,-6.687998865275160409e-02
1.159877566020403483e+00,2.350225831054661429e-01
1.058693085096970465e+00,3.025350179966663222e-01
1.189594012399604939e+00,1.003877669202115075e-01
7.562010529872661424e-01,-5.845849814030944225e-02
8.868632484791981740e-01,2.743732321478576375e-01
8.263432220585601451e-01,-3.047283934063155786e-01
8.090332445792912663e-01,1.056139314220333122e-03
8.599593835585054302e-01,5.161970219365533824e-02
1.112692209138725907e+00,3.359672784293551429e-01
9.355909431929858577e-01,2.251478740980221160e-01
9.367614570395759177e-01,-2.319024789734153158e-01
1.170378826638273750e+00,-2.231096869316864795e-01
6.956510164659421847e-01,1.883675362222808972e-02
8.505050741186082064e-01,-8.361365729672735891e-02
1.213135003244673937e+00,-1.348209471903286660e-01
1.230749174162530490e+00,-1.143797755996222160e-01
1.277360506372019033e+00,-1.063441537626365202e-01
9.991502628294574029e-01,-1.606989783049137810e-01
8.703093968438614381e-01,7.025759437796672002e-02
9.458890529785238810e-01,1.783007688238907873e-01
1.078193850426094169e+00,-1.577143981163859898e-01
1.143443305095572793e+00,1.309494968585303010e-01
9.506299929523434056e-01,2.121614544318081164e-01
8.709656258217224334e-01,2.762379701062226411e-01
7.513019024789469036e-01,-1.411430653343035205e-02
9.860726107501811555e-01,-3.282334619610696169e-01
9.524273956480595604e-01,-2.852923111603079126e-02
1.106019481863298237e+00,-4.542454182999599438e-02
1.080755031121871879e+00,-1.998565755627761675e-01
1.005566664098106688e+00,1.734396685911446800e-01
9.736138266671521269e-01,2.156012805171305668e-01
9.236866362511222395e-01,-2.209921323662960568e-01
1.046280681608894758e+00,4.101491749760328986e-02
1.051499115340949420e+00,5.973467253176009337e-03
1.060309388827143762e+00,-5.020831939129041799e-02
1.224104732702495424e+00,2.552360382720895160e-01
9.959516142235144143e-01,-3.777033784999326849e-01
8.515935125240756687e-01,7.223213099660630299e-02
9.659196344382796617e-01,1.647047244011634257e-02
1.141676999519416258e+00,2.642069876353798086e-01
1.008659398464919255e+00,3.412054665195027869e-01
1.002492870032646310e+00,3.858713257568183175e-02
1.219952375442961534e+00,-1.852462409007090971e-01
7.573464737626878218e-01,6.284205040104413886e-03
8.203110008376021112e-01,-4.997929896700099156e-02
6.485372085626111005e-01,5.101640522684467577e-02
1.128631489723509906e+00,7.833143914036350131e-02
1.170056594433174668e+00,-8.111551602548881801e-02
1.013705691738233661e+00,-9.676221134870818807e-02
1.348528718507326918e+00,1.364871300272599008e-01
7.420737616580734830e-01,3.288705458475080223e-02
9.052834479191319561e-01,3.343486833546915338e-01
1.079792511753347783e+00,2.162460112429510917e-02
8.702468553000506368e-01,-1.872341607455540180e-01
1.192585722124869019e+00,-4.488864078172145888e-02
8.217067384427334531e-01,2.342537698037490956e-01
1.010774559946083118e+00,2.993317418930941387e-01
7.879958978456647056e-01,-2.835965457416135538e-03
1.280700732522886742e+00,2.599681154873830988e-02
1.053321343079896888e+00,1.494078155427237820e-01
1.123206893207504553e+00,8.125662010265534418e-02
1.333478325686425325e+00,-5.390456515100518209e-02
1.266699047630447161e+00,1.462949239155544590e-01
1.302488424552385116e+00,2.252065625692223072e-01
1.182623057560028057e+00,2.226894438259566789e-01
1.145982310099660895e+00,1.916811593518027157e-01
7.678382750084118413e-01,2.197384869485352055e-01
1.014162262929873215e+00,2.667887648864255556e-01
8.900386829829741719e-01,4.496516496666216889e-02
8.447688319743839047e-01,-1.350157689823416607e-01
7.960489358835534102e-01,2.277842182626735323e-01
8.300375892876663553e-01,-1.654349418021519857e-01
1.315159520505114754e+00,-1.096189260111274516e-01
6.901450939236755122e-01,7.657595760928770368e-02
1.035742186728412895e+00,-2.430969597119198022e-02
7.377318231429904616e-01,-4.340875645983035408e-02
1.000726226491950310e+00,3.327113049851308513e-01
1.143206998600646562e+00,-1.506728311865217565e-02
1.107056704837731331e+00,-1.597767696652706571e-01
7.952772207357913237e-01,-5.757895125828382810e-02
9.939421862287440845e-01,-2.395002857413918440e-01
7.800865057809089897e-01,-8.907673962289211489e-03
1.028256426831278825e+00,2.833734403878259145e-01
1.226556742766208075e+00,-5.675192392289148124e-02
1.169820492662635880e+00,6.383741490714944788e-02
1.325225685183564206e+00,-2.363458344509235948e-02
1.028025190049678628e+00,-1.485978072332116429e-01
1.157038845458664644e+00,2.634449050262783198e-01
1.370305922662552023e+00,5.048390200226327701e-02
9.225319679605022971e-01,1.509748242036846044e-01
1.067673158924928423e+00,5.750177216330114999e-02
1.288991237399842671e+00,2.305485828896456507e-02
9.802336915362370728e-01,-1.326446352624814917e-01
1.057589237375282210e+00,9.953489514536162375e-02
1.187259410102627699e+00,7.030906026458497160e-02
1.111243508615430864e+00,1.196544212006891150e-01
1.006760847911642776e+00,-3.660137269126985116e-01
8.710223612332490539e-01,-7.379861584943737257e-03
1.161569162849861003e+00,3.932592496041231733e-02
7.177475843792372467e-01,9.576765534320190454e-02
1.220859186487828874e+00,2.484365431857961382e-01
1.186281467751977070e+00,-5.130167424716507163e-02
1.179883732975066879e+00,-1.092035420514338509e-03
8.197264549414216006e-01,-2.029758396284985500e-01
1.066341586474861103e+00,2.325355467916887797e-01
1.030350722422822329e+00,-1.039730563734308777e-01
1.184721879383608956e+00,1.184016073724895174e-01
9.847162320428528570e-01,-3.162874000118792717e-01
1.103769162956250049e+00,2.694289716609950536e-01
1.009473177559699009e+00,3.351873473571471973e-02
1.179878246604052050e+00,-9.695170545875061996e-02
1.151231127500662588e+00,1.336486900883379070e-01
7.544583533500186512e-01,-1.988370332076590252e-02
9.412192008851790748e-01,-9.168918561243084853e-02
8.945912074330283348e-01,-2.970051686280882897e-01
9.954871363868610379e-01,-7.731461656537075289e-02
8.471750377467909265e-01,-9.372460020274535342e-02
1.021341839835991250e+00,-8.295191894124514381e-03
8.729590461849726646e-01,1.519245928994178707e-01
1.200858979331152820e+00,1.956574367862984609e-01
1.266917383831998256e+00,1.035820973023242053e-01
6.293173608667412822e-01,1.346186937937157366e-02
8.124621951560235811e-01,-1.706367082049722039e-01
1.156106640318991019e+00,4.337866299405233363e-03
6.308136760415490318e-01,5.294177760498940122e-02
9.030672488447408774e-01,-8.389871021235130455e-02
9.633976857480647249e-01,1.671327499127662763e-01
1.233560108064415628e+00,-4.685102507754165119e-02
8.992297868467832300e-01,7.583527339543885692e-02
1.017496544860299279e+00,-1.214532442337288576e-01
1.065578086705912808e+00,2.228278702258565738e-02
9.326790028328197923e-01,8.416963267072959110e-02
9.901475030655544352e-01,1.705612421610999130e-01
1.155882839082288394e+00,-1.435982397064454186e-01
8.957056894425210469e-01,9.215902902798540561e-03
9.665809335213728648e-01,3.193942249543164913e-02
8.913528768005505309e-01,-7.866924807519605489e-02
1.051289790182081019e+00,9.511208526586797940e-02
1.200191194922253901e+00,3.736086822541595520e-02
9.000849816463734054e-01,1.331639278730582521e-01
1.080691669644352704e+00,1.462410552432936717e-01
1.390933596214610768e+00,7.294391416948578510e-02
1.255650054447698949e+00,-6.502923462016202416e-02
1.169304786233293481e+00,-1.135149205164692338e-01
1.159445226974129772e+00,1.736673208136972346e-01
6.937851610054297513e-01,1.215828580770251521e-01
1.223680782606939133e+00,-2.060955792430088640e-01
6.719153371324692037e-01,1.798378687523423114e-01
7.145818957267443539e-01,5.484751182656427693e-02
1.202343161711822983e+00,-1.814377463541796132e-01
8.718196497032297820e-01,1.653617777297774205e-01
7.435689638244451505e-01,1.950349657825633798e-01
1.124330153712365998e+00,2.194832480465143676e-01
1.309007257858479489e+00,8.014201117769857718e-02
1.039981209260191442e+00,-2.150990929597862145e-01
9.393823859000856036e-01,-1.405783876968395574e-01
1.210840830921006805e+00,-1.605162794660325576e-01
1.294850261885752030e+00,-6.643624258693706097e-02
1.190187423714819337e+00,-7.521317731591956740e-03
1.141893036588670363e+00,2.521658719767306822e-01
9.905148880032268455e-01,-7.835011874681729188e-03
1.187147920140124935e+00,8.421158996365310512e-02
1.047882973128324346e+00,-2.309131484830256043e-01
9.237594676694959039e-01,1.105928105732661287e-02
1.101685902926964777e+00,-4.824102244126937666e-02
1.009066144757336358e+00,1.887175009414661098e-01
1.010455617238213977e+00,5.091761821091999457e-02
1.064483965308007152e+00,2.243339907064442473e-01
9.229725490351443629e-01,-1.321556543125467983e-03
1.071695385619480190e+00,2.123277083817349808e-01
8.256346534614436017e-01,4.700727381721595682e-02
7.909789896317196423e-01,-1.695172647394020682e-02
1.194489197112785339e+00,-5.272913920191855952e-02
1.061596260516499690e+00,3.378486390938372774e-01
8.187550203781879254e-01,6.170974739503286288e-02
1.027862857559676879e+00,-3.085382935804071858e-01
1.117442152084795914e+00,2.031136262677874782e-01
1.025135059754353817e+00,-1.925594243527170846e-01
9.592509393076095181e-01,-9.533777513474528398e-02
9.846832724623474364e-01,3.331999711431963829e-01
7.786992012751694503e-01,2.194864330417236331e-01
8.509582817158414247e-01,2.313158852267856447e-01
8.690673915658697624e-01,6.353795401644324325e-02
8.779234588488958879e-01,-7.373930412728478545e-02
1.292490025931190667e+00,1.822111187423328948e-01
9.312157814759051133e-01,-1.762748601602846521e-01
1.001815369052208027e+00,-3.641681883605742964e-01
1.169567157004748115e+00,2.257343168806181244e-01
1.043716824973299762e+00,8.491056220865901560e-02
9.809931929824396990e-01,3.976531554780666777e-01
7.573471619363705276e-01,-2.461780190958662295e-03
7.708345892450592096e-01,3.497540676977619299e-03
1.295269459006265667e+00,5.148187190985317740e-02
9.255513833138410140e-01,4.196483067143324391e-02
6.904397346565944726e-01,-2.721501640637141034e-02
9.963975558472886185e-01,1.578549389893366961e-01
9.755444361452102475e-01,8.970759140332403014e-02
1.175869825224409970e+00,-3.506033173261910441e-02
1.000487174648227118e+00,-3.073979636658845660e-01
1.040046424322076168e+00,1.090040326191111381e-01
6.341815849710104036e-01,-3.728338033120378453e-02
1.232503847573312994e+00,6.107632087803500920e-02
1.093012286254833043e+00,-1.525891912520328103e-02
1.120987719118263115e+00,-1.367303036982363620e-02
1.018882080439077908e+00,5.160739513836991310e-02
1.003261913499325253e+00,-2.766440765995671902e-01
1.004577071743457894e+00,3.578708849020926230e-01
9.409096235353777704e-01,3.410444267602264490e-01
1.236913031713101629e+00,-8.240672190630664307e-02
1.344500380080613677e+00,6.566473520007484743e-03
1.073206693787216670e+00,3.477592884438617249e-01
1.042057879198275083e+00,-6.793875465704457550e-02
1.250337831202797068e+00,1.811969016916372549e-02
1.124082070088853413e+00,-3.688306844850423871e-02
8.220620149603168336e-01,7.257114599269470778e-02
1.005107101202133757e+00,5.158698769336701739e-02
8.687390946063900943e-01,-1.024013051006162217e-01
9.471404575563002748e-01,-1.493160062554497181e-01
9.470023532289498780e-01,1.715809934969799444e-01
7.282951816584004590e-01,-2.144462675310496169e-01
9.581396193166739073e-01,3.114140199728224201e-01
1.077510511397855142e+00,-2.992797597376272711e-01
8.934855834885786496e-01,-3.106412233151484847e-01
1.080116675617124988e+00,-2.320645231310038969e-01
8.503806813959824407e-01,-1.383005941900515567e-01
1.186581735680619643e+00,-1.033464045105926543e-02
1.134275737461845956e+00,-6.567151601476473033e-02
9.954340414766773559e-01,9.373458812458686229e-02
1.153947609881532887e+00,2.962085810963292487e-01
1.192699516746424715e+00,3.805554058553139996e-02
7.563710855667019617e-01,1.332978096408058560e-02
1.048276927638165379e+00,1.376309232689506556e-01
1.348233632671176352e+00,4.563773295199090307e-02
1.115565929355841090e+00,1.279565782380127914e-01
1.304868050814147695e+00,-3.316112277111675152e-03
1.386065358951318993e+00,8.995497850083552030e-03
9.831022063958471113e-01,-1.948226913500512303e-01
1.118508755041276226e+00,2.017956277455410785e-01
6.913397206650455651e-01,1.933829782642349782e-01
7.860555621645066715e-01,2.263726065804592680e-01
1.004772116236970048e+00,4.032967767274343585e-01
6.736618280639787848e-01,-7.841634662446774623e-03
1.120006763607404920e+00,2.538764050672864814e-01
7.959856078534319757e-01,8.671040300758980912e-02
9.645696926894767875e-01,-6.146958058922466495e-02
1.254988871311145893e+00,1.872379262670252620e-02
7.325748141210624009e-01,-1.229847182607193834e-01
9.889287877544493677e-01,-2.498160259029379993e-01
9.364261284825908804e-01,3.123717315369907155e-01
9.294040480496699175e-01,-3.577569891649901024e-02
1.003380625101967016e+00,-2.130027276088721500e-01
8.837940772262516953e-01,-8.578371631981973611e-02
1.118495560938264743e+00,-1.388042273686183534e-02
6.263960206216822035e-01,-5.374619952166914683e-02
8.839934451549985583e-01,-3.010819601729656236e-01
1.069889055858258997e+00,-4.278182331347624157e-02
9.522176682654729385e-01,2.285599946708091468e-01
9.285477487945629216e-01,1.579748549514046752e-01
1.168673061805779900e+00,1.248132401781169160e-01
8.923355735587357174e-01,2.392212228580334887e-01
1.267324354411112353e+00,1.765970115861743572e-01
9.754820822902229294e-01,-1.283163949209080168e-01
1.259913635433032475e+00,2.525908596563980479e-01
1.021043571936507188e+00,-2.863975367810792649e-01
9.115935599273561341e-01,-2.318473403768196439e-01
9.543396032049743516e-01,-3.852544023558188840e-02
9.717000288720448742e-01,-1.284338365975879609e-02
1.099246016743247178e+00,-5.466806193203091468e-02
1.028575626350003658e+00,-7.146680210401103184e-02
1.203371984887630530e+00,-1.130793098327241980e-01
8.298525162636061214e-01,-2.598565746981158775e-02
1.269625603296891336e+00,7.673830997618651117e-02
8.007824214327436962e-01,1.861090619727349127e-01
9.670936382259038844e-01,-2.051868459727835825e-01
1.152118623321441548e+00,1.585572985170079496e-01
1.286193175347652540e+00,2.583611359398267637e-03
1.177164894408318396e+00,-1.493814083967090200e-01
1.052839391323775686e+00,1.896877364918907460e-01
6.199327860840360138e-01,-2.617184955493057075e-02
9.940451094237154894e-01,-2.368781707628322269e-02
8.708608497352776645e-01,1.646595808399264060e-01
9.700294238319880913e-01,-2.079301674193385907e-01
1.133229823247929868e+00,9.909779744981989796e-03
8.852897607864695928e-01,1.411685739070919765e-01
9.916267500176709770e-01,1.409044397252819103e-02
1.296635568134761218e+00,-3.227140962784030842e-02
9.018584795446671354e-01,-2.303807176165881820e-01
1.267899522801014367e+00,-1.228155050256706515e-01
1.076739167006035336e+00,-1.179193188727122726e-04
1.071655326927073437e+00,7.566057562718561669e-02
1.192446268549461674e+00,1.863504346173833759e-01
9.649898134113369386e-01,-1.249482854504454510e-01
1.121402838925177559e+00,2.390125015300323674e-01
1.312788659290977655e+00,6.211888267922906215e-02
1.034361010391846802e+00,4.329873194201277337e-02
1.013266144206930397e+00,-2.828605457070515472e-01
1.244747423643279616e+00,1.683192064052998205e-01
9.994635217744817224e-01,-1.563744447261125603e-02
1.045879820772028790e+00,3.442832968000036215e-02
7.014206897129373619e-01,6.860919754654845604e-02
1.103047543248380169e+00,-2.494080117816101574e-03
9.679389176254977745e-01,6.804572059467560441e-02
1.194311733095449357e+00,-1.619879826169612694e-02
1.188415389775635100e+00,3.431240915225416965e-02
1.106021577908499864e+00,2.729046457973002826e-01
1.246505533414774547e+00,1.561750815281273339e-02
8.507991636130208812e-01,1.527693523203570436e-01
9.418477504393274469e-01,7.566959285511613321e-03
1.199810411597075133e+00,-3.261673907238586412e-01
1.093509793971178423e+00,-2.845085467290907055e-01
8.532802608366337749e-01,-4.700212957812279629e-02
1.303432398444913431e+00,-1.084127358814523240e-02
9.344060515733891847e-01,2.421242376634312188e-01
9.435017041700883844e-01,-3.220937697482298412e-01
9.919057306963388054e-01,-4.911949655348581134e-02
1.229484599314482285e+00,2.340444399002472586e-02
9.697379789530611305e-01,-6.182545609572995260e-02
1.135288373349421231e+00,-1.914439073433930605e-01
9.168777164503383315e-01,-3.182838136951401942e-01
9.693894211459891386e-01,-1.200101221621661940e-02
1.006309893793654542e+00,3.849785588627994692e-01
1.066782568670740616e+00,-1.836638481454987426e-01
8.965123858676560253e-01,2.085160035497029829e-01
7.329648097791948702e-01,1.832248531824016979e-01
9.551512162713207132e-01,-1.506582605120352081e-01
1.045127102309583611e+00,1.764171804774153363e-01
7.794047801102730322e-01,-1.195343182274357929e-01
1.068778210156080322e+00,8.308116887026986697e-02
1.185268843153929108e+00,1.708079252241908805e-02
1.241865851896967854e+00,1.353145694350332273e-01
1.062831211687691013e+00,6.408537744826922622e-02
8.398392911542292838e-01,4.626789251174826673e-02
6.684219423256542170e-01,-9.352019292131787120e-03
8.527625853127780431e-01,8.082675376679057666e-02
1.051788495042513816e+00,6.572211000140992798e-02
1.055456324821523850e+00,2.422337723300063139e-01
1.019452096873316727e+00,-4.845189201497495518e-03
1.177339766593419768e+00,-1.996616117764864473e-01
1.372474054953223721e+00,7.471398950586612131e-02
1.310505064377243345e+00,-7.016912364150260095e-02
8.308793698671421701e-01,-4.987800579514102550e-02
7.617893323059111710e-01,-1.879164681245156995e-02
6.967382305559928213e-01,-6.107879125143875210e-02
1.291885546854581346e+00,1.698403194949868467e-02
1.129804251267858550e+00,-2.120531358309672432e-01
1.050825430595146326e+00,-8.364892729789397130e-02
1.223477866004981429e+00,1.539185816903623494e-01
1.301664451276530743e+00,2.600319225934582743e-02
1.048399424826803816e+00,-1.231079040692913962e-01
1.007269619948903738e+00,3.573664420095734040e-01
8.878678719511835515e-01,1.252623472146064676e-01
1.179901020694241520e+00,1.848283940080545640e-01
1.208096336763618162e+00,1.343080022658563535e-02
7.318694625858660485e-01,2.241817506655711945e-02
8.716836094859774509e-01,2.206216923657230433e-01
7.735435088812080417e-01,4.522894220039774121e-02
1.107823632679328485e+00,1.685679237340319547e-01
1.130360081323883437e+00,2.915621463346635411e-01
9.853456188633989976e-01,-1.153733392835341529e-02
9.522580915142605518e-01,-2.297697507480997159e-01
8.553812768144428702e-01,2.769504821940838579e-01
9.606493098917221474e-01,3.125578277439494679e-02
1.039424130070221608e+00,-3.165083238131300436e-01
1.275449919052295211e+00,-1.719780526377005792e-01
1.069012900051780735e+00,2.720567998515272534e-01
9.996490652413948519e-01,-9.183131790895440738e-02
9.209948055134048461e-01,2.375033325372115089e-01
9.825987189162693758e-01,-1.414087324878493535e-01
1.090943944726895376e+00,1.967336746074329623e-01
9.589892364781280598e-01,3.765462658435378418e-02
1.093259976314084891e+00,1.241735274344071827e-01
1.133284166324723286e+00,-1.898120525111712531e-01
8.532543537977445025e-01,4.112002861661820385e-02
8.331117848045834773e-01,2.387937248457502881e-01
1.163976522427244920e+00,1.249487170354715709e-01
8.462249507942646298e-01,3.746407112082592028e-02
1.015942141218834305e+00,1.267167499864935154e-02
9.298608419194198671e-01,1.657382704094933490e-01
1.090369985083676774e+00,-2.914011887079553942e-02
1.292020690432177599e+00,1.615184985912232821e-02
7.714054894713875399e-01,9.548739790177589171e-02
7.651381683867518602e-01,9.571154058250444518e-02
7.302733350186654260e-01,3.799726607544291063e-02
7.002317083766053107e-01,-6.572720621678459357e-03
1.072640123746482654e+00,1.602089087108768961e-01
1.180933801576694364e+00,4.753859803934324529e-02
1.290484681499015629e+00,1.267349918536526954e-01
1.083577513582823171e+00,2.065522386854462544e-01
1.011838853735882005e+00,-3.014529376600990074e-01
7.872767318574637185e-01,1.493594397892746353e-02
1.150728230721163037e+00,-1.656790640729540187e-01
1.169049255237621043e+00,2.731869451704373522e-02
9.266654089141930228e-01,-3.279207308374571528e-01
9.351850033086100966e-01,-1.909428235307014943e-01
1.017842226756686452e+00,-1.996003033167991214e-01
9.608365624546302275e-01,-1.852908982350812486e-02
1.029185814534106180e+00,2.135100506455721303e-02
1.078586938288175645e+00,-2.798012027452091433e-01
1.110066222811933567e+00,1.496983184185761984e-01
1.103926809528949615e+00,-1.237245829845033951e-01
9.979730136852306144e-01,-1.789743140839342994e-01
8.940503294566706227e-01,-1.757778342884796230e-01
1.040367136648292501e+00,1.839561134299461109e-01
1.196812950328701053e+00,-1.066707674709034825e-01
7.341013834837695207e-01,7.007105380150407958e-02
9.772517443865925690e-01,4.639000820104511452e-02
9.308106780059022256e-01,-1.524943135646990022e-01
1.114560334537936681e+00,-8.537160343626094827e-03
1.155487680962954622e+00,-2.898819721421417445e-02
1.184610185059600251e+00,-7.093643820264554367e-02
1.313704753569060912e+00,-1.987888039040567045e-01
7.588981689319456159e-01,-1.958920629343313957e-01
1.186428119974656470e+00,-3.208611559007576441e-01
1.227902308974634593e+00,2.885665660217482942e-01
9.914921373928333725e-01,1.873525858849856285e-01
7.195388779847808891e-01,1.559770258601891335e-01
1.233813403595024560e+00,-1.081753491242394977e-01
1.056361545443121663e+00,-3.077066190856087569e-01
8.688180257564555031e-01,4.541618931924050820e-03
8.954745445913604440e-01,2.591854693355211126e-02
1.009466468483291912e+00,-3.506817593212983031e-01
1.007768439501925517e+00,4.017206052844181086e-01
8.634255315642432871e-01,-3.246034913015825030e-01
1.255601418392138680e+00,3.189402569636193285e-02
1.120840717025791244e+00,-1.068827227424617027e-01
7.394924039607840838e-01,5.329912153978610262e-02
8.888574402071679481e-01,1.824144409443179682e-01
7.312351080164741779e-01,7.873615786371028491e-02
8.627377069915631580e-01,-5.475778634369266040e-02
8.376905790802103846e-01,-1.158764261471234014e-01
7.629098709119553900e-01,-9.325184092907466693e-02
1.302080887067711856e+00,-1.868198539737998265e-01
7.860767668211099402e-01,-1.103536789674489649e-01
9.049960072941074518e-01,-1.114510447500141471e-01
1.086101742414861349e+00,9.234208304396600633e-03
9.772981602842066851e-01,3.101007235320895825e-02
1.164906641753676420e+00,2.563845888455046906e-01
8.452793016846189555e-01,-2.157648663498222263e-01
8.861129263356339880e-01,1.135736648226522705e-01
1.084610022154744779e+00,2.946075617535410390e-02
9.731446743859712978e-01,8.445116262352722614e-02
1.079151566005955409e+00,1.902958430620672881e-02
1.318177799181038168e+00,-6.288144835600885385e-02
1.194390349716186517e+00,3.600882499095828249e-02
1.145751939154899812e+00,-5.451864896552015630e-03
1.108112969256504377e+00,2.980537699486746628e-01
1.078452348570403396e+00,2.189227858237903848e-02
1.144633789125818701e+00,2.315149887003266627e-01
1.249208943152343432e+00,6.171724340284552579e-02
1.304670720620205282e+00,-7.481059521290335523e-02
1.087954824943701215e+00,-2.486265454535372538e-03
9.769481496795644482e-01,2.668836787574122016e-01
6.395569219476791023e-01,-1.682476082621861546e-02
8.329383689259056700e-01,-4.342418592562957008e-02
1.280851762957571527e+00,-7.056588524015643127e-02
1.078258739159350110e+00,-3.675697165375156339e-01
1.023159724474926202e+00,-1.648490386370314587e-01
9.334089666205702684e-01,-5.537667532573879725e-02
1.036034026421399634e+00,2.337489202732140614e-01
8.360760351646485677e-01,-7.141992474726782669e-02
9.936481805370109832e-01,3.057297654035348033e-01
1.022677340077460917e+00,-1.360884595222283111e-01
1.125265346350364126e+00,-6.556686828769184294e-02
9.755160839756971125e-01,1.129592541403338576e-02
1.358736226992870888e+00,5.745405543447207330e-02
1.024502046406927880e+00,-4.547473185588348649e-02
9.715220117881251394e-01,-5.403618468295472155e-02
1.343136779461355346e+00,-3.935619944057219127e-02
7.397279406988777062e-01,-1.933297981142312327e-01
1.071914273433635323e+00,3.320455986655061059e-02
9.309551720529811725e-01,1.891908058070506660e-01
8.476575690596499513e-01,4.427694719798676293e-02
7.712994580471328465e-01,3.140950863699738527e-01
8.033358514896151714e-01,1.166054583858197602e-02
9.460783740694286292e-01,-8.956157501499482920e-02
8.589601848411052565e-01,-3.375299641420361763e-01
1.023459608153485467e+00,2.990597535830651910e-01
9.133040000873462461e-01,-3.000471354342345021e-01
9.623898120449627669e-01,3.101109660154031666e-01
1.226030293084964917e+00,-6.491375939507167125e-02
7.965836046901897394e-01,2.674440380765909508e-01
9.870266810305120542e-01,-4.928556822369491858e-02
8.793472392281588279e-01,9.759783419446753372e-02
1.016456021411275890e+00,2.522703293975058769e-01
1.010468915999573447e+00,-1.527215522854083810e-02
1.348236002329865402e+00,8.092125009389307400e-03
1.103738264536474167e+00,-3.352832091397534714e-02
7.461585117930529254e-01,-1.903996513996968065e-03
8.426355086749419687e-01,3.800328480742917216e-03
1.356971725656222816e+00,2.688692437799578352e-02
1.010898180161554638e+00,2.795385471092693974e-01
1.231121382436251244e+00,-1.394018038706305862e-01
6.481154006358975650e-01,1.355196793919327125e-01
1.056949961792563508e+00,-4.306631076581995954e-03
1.282618485832860866e+00,-2.776415273225748409e-03
1.215887267058414434e+00,1.289844906525150492e-01
1.048576628798867372e+00,5.109447136860707089e-02
1.181503399557260803e+00,4.924554342762522269e-02
9.671376665243829329e-01,1.724014305277985493e-01
1.128499507542690017e+00,2.089615943405306597e-01
1.333672414493249692e+00,6.672219628363937338e-02
6.365733681258630705e-01,8.515209997239864270e-02
1.084868267846251122e+00,-1.035443973678605231e-02
9.846244356898424810e-01,2.292269071403101877e-01
8.231258800084635396e-01,1.063850568303895822e-02
9.639365411574332132e-01,-8.020090220479793308e-02
7.746404316996717832e-01,-5.760474561881587241e-02
8.997748183008594802e-01,1.741569581358889396e-01
9.652397748545745726e-01,-7.495213525776256436e-02
6.814111169876261309e-01,7.202012185976490455e-02
1.035389627003577173e+00,1.056316145949537655e-01
8.087485720358108532e-01,1.626685967846737413e-01
8.342120294537758163e-01,1.228391857557805181e-02
8.756340029186817642e-01,-3.502745347424434108e-01
1.028191998139653451e+00,1.442514759400976079e-02
1.097044970796261065e+00,-8.293055523557499309e-02
8.237634405608929011e-01,1.336875003269660245e-01
1.053782417405859873e+00,-1.222675757528772222e-01
9.885682956875885274e-01,4.004143916919020163e-01
7.683924740243309737e-01,4.904301438415135245e-02
8.593430206297860696e-01,-9.711902995255079774e-02
8.117781128615022546e-01,-1.079593651943795279e-01
8.575017244960734253e-01,8.216467338168234602e-02
9.535603737270748059e-01,-2.267994734909416776e-01
1.008163294456218884e+00,1.764542905181918850e-02
1.303358276327152732e+00,1.500542517832499645e-01
8.414987329354501888e-01,-4.974812700851012973e-03
1.337871854090524337e+00,-1.295010277006909682e-01
8.530509566026726054e-01,-7.276431209921431498e-02
1.169280874952438820e+00,6.097443814678102370e-02
9.931624629890982714e-01,2.879420859399367191e-02
1.048159076826836289e+00,-9.836128633904120400e-02
1.018526791368892681e+00,8.175579211456987516e-02
9.327665512094548417e-01,2.163519604492729898e-01
9.059019837033928102e-01,4.955902397875097676e-02
9.638557471975534030e-01,2.052928189053488117e-01
8.327466108588568172e-01,7.639734831001126006e-03
8.954555589472736887e-01,-8.528217084365481704e-02
1.042700266812134346e+00,4.960884573848308582e-02
1.006648363078009423e+00,3.236586840341720284e-01
1.260708908771567272e+00,2.268655829577337080e-01
8.343195571168811053e-01,-1.350875777270572065e-01
7.465750681889951057e-01,-1.620662168965887953e-02
1.005340053304523362e+00,1.504409501702741458e-01
1.304485340317180331e+00,-3.404459132085464745e-02
9.774826578583079018e-01,-1.108009830214817110e-02
1.011248373919152010e+00,1.990609447335930093e-01
1.296121316814760061e+00,4.067828469169483541e-02
1.095175264695715800e+00,1.796155037890813932e-01
7.378685742810586756e-01,2.279241963892342931e-02
8.926207174254682242e-01,3.797151922089200826e-02
1.004088841639959151e+00,1.469649441291633607e-01
1.094824338972866684e+00,-1.268673175342400206e-01
8.648888384988858702e-01,1.571031077770951995e-02
8.953756354191035882e-01,1.643873111333009063e-01
1.014934152840296200e+00,1.424007674276936697e-01
8.736222483717300813e-01,1.232550033686235780e-01
6.858963332383325451e-01,1.800817077727594195e-01
8.801011438859352998e-01,3.006576950999145237e-01
9.099508980007970926e-01,3.268732158243949359e-01
1.014311419358884025e+00,3.449045573319653446e-01
6.422783309776500804e-01,1.066592598391229441e-01
1.126016257845129820e+00,-9.306674304016517713e-03
1.018776777955239909e+00,2.078221826029322816e-01
1.087628187567832638e+00,-1.125135626345091788e-01
1.009739351187901590e+00,-3.296040943834744330e-01
1.042476134064590498e+00,-1.622390611909293456e-01
1.004135139465349935e+00,-3.286770673645758034e-01
1.109556592864590296e+00,-1.338384930742124793e-02
1.069376154651016986e+00,3.105324595683011113e-01
8.443096383706325536e-01,1.493882946308272286e-01
1.199374183351995304e+00,-1.014093044945047206e-01
8.160210710552330271e-01,-7.046460064011560165e-02
9.229287935682719546e-01,-1.107203372848990924e-02
9.188159071284406343e-01,1.986476420250934682e-01
8.093655062947278100e-01,1.102627600939191932e-01
9.966444863796670717e-01,5.610812053970540281e-02
1.109105232448521994e+00,-7.984200137533770114e-02
1.280315384891552277e+00,1.404185998488188467e-02
8.593295239338311076e-01,-3.251403756951691815e-01
1.006539486217512991e+00,3.599838715212238527e-01
1.006904605694362909e+00,-3.361022681990365191e-02
8.446669196822647052e-01,-1.490221813293028108e-01
1.016894381084052279e+00,-1.351262596211807998e-01
1.185784140697377920e+00,-1.644567989021187282e-01
1.245833811216835896e+00,-3.947468959029577090e-03
6.320633217615700961e-01,4.619956001446833688e-02
1.025220210512481245e+00,1.638283521649735175e-01
9.474236018367272472e-01,-2.704742607974951196e-03
1.066380988006457420e+00,-5.599892280390600385e-02
1.067652408568974032e+00,4.236328107104893326e-02
7.566480164629718619e-01,1.064007882904190322e-01
9.554093997683162920e-01,-2.705422959685401252e-01
9.829043049653001241e-01,2.670660879786699790e-02
9.532754807695303922e-01,-6.699408615343981077e-02
1.112048170892337096e+00,2.064848025406538501e-01
1.030130622846181287e+00,2.810155828973560921e-02
7.295771023697164015e-01,-7.472663319704424267e-02
8.857112496025770776e-01,-1.459653619063182584e-01
7.587867352336002957e-01,-6.029600325825115736e-02
1.110353003892083690e+00,-7.040434079843221893e-02
8.496271060978446421e-01,-1.169496330401930406e-01
9.283483600292976590e-01,-7.843370522578606285e-02
1.083086565953544467e+00,-2.751841885794134024e-01
1.150253967058207039e+00,8.581528301314764184e-02
1.141995194047201512e+00,2.679016415955418062e-01
1.049170939236550248e+00,3.307376934382648404e-02
1.282367747513252887e+00,2.501036381638622325e-02
9.447132023710616000e-01,1.817801034583714503e-01
8.720233170445499393e-01,2.956885458470385197e-01
9.272480602554082907e-01,-3.331439546388283851e-02
1.174192999959989603e+00,3.347030978229394993e-01
8.367347596198124737e-01,5.812335335909232098e-02
9.337429701327037979e-01,-1.089454483531428902e-01
1.123328011086462297e+00,-2.627086393818562349e-01
9.886805524459197914e-01,-1.029215097684230279e-01
8.392372508106253903e-01,2.574626900826220213e-02
6.606815301348388791e-01,6.975233051531505579e-03
1.054383722475968233e+00,-9.235067582190781277e-02
1.022351723860114969e+00,-2.986446159258434596e-01
9.985923590185665777e-01,9.742283883004608513e-02
7.714704596486812171e-01,-1.088149188095543229e-01
1.155364112360330875e+00,-1.395877994033406511e-02
1.161097416294146312e+00,-2.643495303198212798e-01
8.850518751955516183e-01,-4.922449469703841368e-02
9.829235979789752164e-01,9.977803057514406104e-02
1.312884249806636427e+00,-1.973749155095178009e-02
9.676432800629088948e-01,1.475168490169306568e-01
1.009183428361112078e+00,-2.122378741145467540e-01
1.009428133579855391e+00,3.233564388506618426e-01
9.060387870596994242e-01,3.147107630867249650e-01
1.027872816535501777e+00,-1.431394630207364904e-01
1.222858131099390677e+00,-1.082549696858071120e-01
1.127501224552847958e+00,2.366339104284570852e-02
8.047894661547996265e-01,1.116566112173601744e-01
9.097497251335728841e-01,-4.459421701760475643e-02
9.880448362342297841e-01,-3.914799082386558049e-02
1.021045202761951209e+00,-2.100606878292026469e-01
1.041939105010947886e+00,1.943251971068442330e-02
8.224798666943106129e-01,-1.953234828950163871e-01
9.522417426894015380e-01,1.122864613943382467e-01
1.006887877875470183e+00,-1.727338475596931211e-01
1.011079015764585254e+00,1.694703747129549243e-01
1.077009159364593849e+00,-6.328021928433218840e-03
1.005376905795061449e+00,2.254063570844116737e-01
1.269378499924133097e+00,-2.711743140964292809e-02
9.541974584410751747e-01,-2.595570518139802552e-01
1.057804129447558417e+00,-1.804600194300345628e-01
1.296672221566547822e+00,1.351990409144042740e-02
1.008065168473476492e+00,-1.734250258053508242e-01
8.100397300293619152e-01,-3.210225651091468818e-02
9.633963104936976718e-01,-1.751169183847066657e-01
1.270114115241096631e+00,-1.486583631413256612e-01
1.034346743139743507e+00,4.336568578200061461e-03
9.385975811055986551e-01,1.849537089800789846e-01
8.359497186774681454e-01,7.625898742979349276e-02
1.004329418638828075e+00,2.355055644479632226e-01
8.331680841712845176e-01,9.850682735326422509e-03
1.055974004913624809e+00,2.374378466921146513e-01
1.003925495753120956e+00,3.151801293036012863e-01
1.224242650771109941e+00,4.335607014647943624e-02
7.636537324578871466e-01,-4.887819378954202931e-02
7.792912307145769546e-01,-2.198908694025392130e-01
1.167979151082099154e+00,2.312199305624994261e-01
1.138692671318172644e+00,-4.458567367248263136e-02
1.026124654957260462e+00,3.253100088744484975e-01
7.737881144306888448e-01,1.331654414224611171e-01
1.017670076208267771e+00,2.336753528561130722e-01
9.793549794125174790e-01,-6.526110427575054773e-02
6.921425612213909506e-01,-5.498812034747189992e-03
1.253305264094617399e+00,-1.628570402483131910e-02
1.015337950502987585e+00,-2.750381742599269930e-01
9.219895218026747941e-01,3.854090813219972489e-01
1.098260602174897071e+00,1.104690326888406737e-01
1.036295778525127664e+00,1.326766635054703047e-01
7.073788423361536681e-01,1.048349877331890556e-01
1.127618603201980374e+00,1.689513788862358201e-01
1.021928544812713335e+00,-1.603572004631079739e-01
1.180162322548754972e+00,2.200290779543417896e-02
1.010720786207575328e+00,-1.205970019482310862e-01
1.005788114407261125e+00,1.669893358044873266e-01
1.130117011861158094e+00,-2.296394265319967321e-01
7.910414639135499026e-01,1.283827709838838982e-01
1.008826125992939193e+00,-2.161173953071386933e-01
1.263588882241367450e+00,2.397172989699668522e-01
1.068953955545025591e+00,-8.088639293108211559e-02
9.024394413931640102e-01,6.590855485627743204e-02
8.281064666318523892e-01,2.318808200940326858e-02
1.112557145940802794e+00,1.072578778283355683e-01
1.285564114035749883e+00,2.160475835452782822e-01
6.810167235968747068e-01,-3.156113754232201321e-03
1.179328413145954269e+00,-1.167546214973957108e-01
9.106048914388209514e-01,-1.242937453716300433e-01
1.123071806210367951e+00,7.919764326279032929e-02
8.295707392041230532e-01,-1.612146344568901879e-01
8.742288167882573680e-01,5.875253738935965614e-02
1.224010083092181400e+00,2.246198062418141295e-01
1.197430046259631675e+00,-7.596718828834787829e-02
8.729410507790972273e-01,3.051852977461392280e-01
1.326931650233153404e+00,-1.177453618440260918e-01
1.006600698466421751e+00,-1.630467274770279196e-01
1.244004305048616921e+00,3.185328859666091694e-01
9.291829968366754899e-01,-1.438502168461672504e-01
8.976374172883556657e-01,2.227490076303201838e-01
1.059549304692520844e+00,3.497912026842470157e-02
8.724994733513162792e-01,2.704567880836942773e-01
9.280450655017000727e-01,2.266683603615545495e-01
1.046839631571929718e+00,-1.036291725795735891e-01
1.245446500983530491e+00,-2.284035378355172077e-03
8.197457045407519072e-01,-1.337608171147992575e-01
1.230844839961743542e+00,-1.192691317741152446e-01
8.496547615627789707e-01,4.204028390953853250e-02
8.250281123660785365e-01,-3.432678210117420803e-02
1.229496347608002749e+00,9.346866750534743584e-02
1.035041446150513078e+00,-5.125005660500619314e-02
9.980063734694987199e-01,1.762138740865394626e-01
1.113155107535954036e+00,5.626005281420320275e-02
9.534140813495446398e-01,8.451942582520119429e-02
9.733714705820569746e-01,1.061508763506188585e-01
9.649636823096909843e-01,-3.239422752443706921e-01
1.260532135356341454e+00,1.198283279743769664e-01
1.038168736833807948e+00,-1.237190286807537953e-01
1.118735804562681624e+00,1.031035101580753677e-01
8.900144689370683704e-01,1.772935051367042006e-02
1.084211542678080953e+00,3.292615288870287538e-02
1.092591332329615250e+00,-2.171699044856677807e-01
1.343002540949723045e+00,-1.763936470049828065e-01
1.075644642075758606e+00,3.975912058602121268e-02
1.375434978293240018e+00,-2.209994043856381568e-02
1.041411214975188848e+00,-1.077271253637755444e-01
7.435961865871142384e-01,2.563470250676949669e-01
8.572312599039313419e-01,-3.040801230796846139e-02
1.056692629024753582e+00,3.724163443718608857e-01
8.417279485259588911e-01,7.704438381032426009e-02
9.360467550916304891e-01,-3.576047993600325881e-03
9.760190800388465204e-01,1.369207800538615460e-01
8.870662316940262082e-01,-4.264002069555184599e-02
9.726764925746376189e-01,-6.041760246890857944e-02
1.053449924467642296e+00,-6.428820260664554198e-02
9.450481266992806217e-01,-2.141539243203114673e-01
1.070682816070712473e+00,-7.044015093703774599e-02
6.192783093521070370e-01,1.795990425366214560e-02
8.006421440934190503e-01,-6.550567688038998193e-02
1.025883793189868332e+00,1.306469499366198495e-01
9.769202663622481575e-01,-3.663450852452085904e-01
9.990146379804338839e-01,-3.453878789626059764e-01
9.859815744007252025e-01,-7.122570044973070003e-02
1.079405696773654721e+00,1.723446865333404590e-02
9.076023332491065521e-01,1.138734833203925573e-01
6.351526893688479447e-01,-8.419326188982453885e-02
7.544009892078877844e-01,-1.761918559925126568e-02
1.011114147830065368e+00,-1.005410478113728662e-01
9.280376481737894201e-01,1.920747381419816435e-01
1.149270978843583535e+00,-1.288976025037287185e-02
9.126144203969103197e-01,-3.384135451340974932e-02
1.081592733797434702e+00,1.352089520403743361e-01
1.055102521752309341e+00,2.604551894323390293e-01
9.210780592604769224e-01,1.336707533370794510e-01
9.645479965206286144e-01,7.464869358177946349e-03
1.197409530306005943e+00,1.365858768838676962e-01
1.105180439817230020e+00,4.449214197566095375e-03
1.027762118036335881e+00,-1.644575133253805832e-01
9.248653661242894897e-01,-2.212549448451714695e-01
1.004392930979060683e+00,-3.463568866915648914e-01
1.185178644036353202e+00,1.864551529141392772e-01
1.241443097371586646e+00,-1.565889889668967416e-01
1.220423496270769181e+00,-1.706371259160627263e-01
9.690361911722851218e-01,-3.915837594171179409e-02
9.332669716212458333e-01,2.222912947523008886e-01
9.209914680870114889e-01,-3.098003256801811628e-02
1.187814274513886437e+00,1.789041476735152292e-01
1.276138098505792406e+00,3.985605917924003871e-02
6.488142442322926140e-01,-7.228474885548526185e-02
6.722967515728296428e-01,-1.355783405863194777e-02
9.609351996269615004e-01,-3.196016463147632880e-01
1.313634109936326677e+00,1.760885827461419750e-01
1.194372585926428920e+00,8.877936296104085162e-04
6.875573531219345558e-01,1.443537471546933737e-01
1.044057908091986508e+00,-8.550035495702992816e-02
9.461053353852738601e-01,-2.988247273529365811e-01
1.147017598388651916e+00,-2.382202977372260833e-01
1.196174545284404367e+00,-8.258791573377348427e-02
9.657204009741195971e-01,5.178128919614855691e-02
9.640706215464067697e-01,-2.035023953086687876e-01
1.117160901588853283e+00,-2.078502060877407687e-01
1.100032609464319133e+00,2.325209857734988617e-01
9.320239470934736925e-01,1.902756460209167055e-01
8.581511977498790245e-01,2.460718001266573030e-01
7.406684448282675470e-01,1.561583145176279053e-01
8.735166236291527220e-01,-6.110529726050352439e-02
1.013122802539339729e+00,-2.812526807865391443e-01
6.926020990903225538e-01,1.825064212646592410e-01
8.446715438169971613e-01,3.178634566990019561e-01
7.778068701175835375e-01,-3.740332802687259400e-04
1.042275442934968765e+00,-8.609276140532075294e-02
1.218503762339339325e+00,1.641852118277039307e-01
9.888798712689409465e-01,2.839572251019417681e-01
9.204315401354552506e-01,-1.459310610053272117e-01
1.202411637335876859e+00,-1.959270030233236509e-02
1.028172108607474211e+00,8.208321210666075229e-02
1.238305698798451537e+00,-1.770776379699911737e-02
1.081339466818526773e+00,5.771238111617048652e-03
1.175509288801991792e+00,1.487248456148429487e-01
1.012892983277997594e+00,-3.141294668123690847e-01
1.212880227215918261e+00,-6.700225646929949819e-02
1.056499340685634225e+00,1.635696977005778319e-01
1.046513622210618166e+00,-3.224183395308496958e-01
1.198702611903644355e+00,-2.311116061434661528e-01
9.083117526051055490e-01,1.953014868206603277e-02
1.004597286811516055e+00,1.535293458784948994e-01
7.725641552172033411e-01,-2.542358209972360727e-01
9.136818695715143157e-01,-5.435966872655918769e-02
8.312259725193335003e-01,-8.577821142184383074e-02
1.226998536399254380e+00,2.066674778668898399e-02
1.319208217173496234e+00,-1.089298528317958065e-01
1.012110281946172918e+00,-2.636049555760303781e-02
1.087839724016221643e+00,2.504689455160080680e-01
1.122661016616935292e+00,-1.604205559427802075e-01
9.499366282542158757e-01,2.162618862599056113e-01
1.369447050079582784e+00,9.141690538099224439e-02
1.214153798345929847e+00,1.760004120093016933e-01
8.625407144419774408e-01,-2.704131826177566533e-02
1.053964248105742296e+00,1.283631289086017979e-01
1.186135932790576941e+00,1.414709126923592575e-01
1.010263461157120179e+00,2.688501498432573356e-01
1.108551831238893337e+00,-3.030317527075578055e-02
9.584147821957726965e-01,2.037220249604757838e-01
1.015514612717955734e+00,4.812968667953020085e-02
1.088677710081731753e+00,-5.035407169746767414e-02
7.261252940807274570e-01,-1.055379042716561439e-01
8.992818154737048930e-01,1.999923585011197380e-01
9.613690491582618236e-01,-1.216287360076396262e-01
6.817247958381096318e-01,1.271325255451652703e-01
9.950305678743772697e-01,-5.671361114653498958e-02
9.548770231880731041e-01,2.435279920406544230e-01
1.068224660864734332e+00,1.862664033108203665e-01
6.775721739328183224e-01,-1.562001858276055311e-01
1.141432423867631218e+00,2.919805130247138392e-01
9.939496669517104976e-01,-2.294637884179591969e-01
1.018667452017183894e+00,-2.565727551414591079e-01
9.040041634826949668e-01,2.469601137963755855e-01
9.725626310781471107e-01,1.569630312918471049e-01
8.593218606774546409e-01,-5.542438665755933247e-02
7.447756166366040764e-01,-6.258821431275816971e-02
1.114342399433076336e+00,-1.883628685606001107e-01
8.567574299071702981e-01,1.492191949321405517e-02
7.287003976105376202e-01,5.305187761896211496e-02
1.292891802225902165e+00,-1.564088163709208834e-01
8.093843640591251720e-01,5.972121991063708557e-02
9.059508147603462236e-01,-1.737258737650488882e-01
1.010686853400308838e+00,2.502778635090929793e-01
8.830537639304480990e-01,2.458264794421177457e-01
1.220866789967575361e+00,-2.108784394846767787e-02
1.123291328588319482e+00,-9.657588582201137584e-02
7.490982101741632260e-01,7.177375069286853759e-02
1.149501349494384872e+00,-2.691024193304387968e-02
1.062957778558300870e+00,-3.591010309137792622e-01
1.002103371163840073e+00,1.677193099221034878e-01
1.121299270539403370e+00,2.128597498524115450e-01
9.936501709827909590e-01,1.500107993915595073e-01
8.449406819979845551e-01,-2.850770611447275282e-01
9.991691096892965085e-01,1.795373309462834077e-01
1.381268404507024261e+00,6.015679243851811825e-02
1.046438428526137221e+00,-1.430118944986912000e-01
1.085295041340706534e+00,-1.432988522007966614e-01
8.831369267665569733e-01,-2.213822062345352504e-01
7.017343283085301087e-01,-1.135761510613446518e-01
7.775804917128902316e-01,3.951052696428800082e-02
1.145648775740634617e+00,-1.815143330386369547e-01
6.357969022657966596e-01,-1.980416928080899405e-02
6.515298185278306509e-01,1.879176430721601898e-02
1.260527190110005469e+00,-3.979212285584347170e-02
1.195395688379595311e+00,-3.691214387538732655e-02
1.128873216995275763e+00,-1.503754398673615433e-01
1.101165744034753535e+00,-1.736100727253168663e-01
1.176986356735931327e+00,2.100627399917536289e-02
9.549942788946896854e-01,1.970481251914828896e-02
1.108138026633480155e+00,3.614848639007536141e-02
1.078069047365703748e+00,1.312043881759276075e-02
9.905714238551626138e-01,2.621781185347918930e-01
1.153109862567887722e+00,-1.033665404534780119e-01
9.867902028342087073e-01,2.136068698856905257e-01
6.952489543928234150e-01,-8.389396896237591439e-02
1.149810866203246906e+00,1.618927924848821004e-02
8.467137129244524107e-01,2.576825219349756502e-01
7.585444297207365461e-01,-1.016073012909367579e-01
1.057424128030765687e+00,-3.165115440261653257e-01
1.001254116253600612e+00,7.980802531306108172e-02
7.180329053790157623e-01,2.777512570570487074e-02
1.101151464947214720e+00,1.326136017049156512e-01
6.675532780673116839e-01,6.724939342706671291e-03
1.271004518827451246e+00,1.460100626464177764e-01
